C000	C061
C000	C085
C000	C130
C000	C162
C000	C425
C000	C577
C000	C749
C002	C097
C002	C330
C002	C379
C002	C408
C002	C470
C002	C479
C002	C509
C002	C514
C002	C686
C002	C698
C002	C745
C002	C758
C002	C767
C002	C782
C002	C789
C003	C006
C003	C041
C003	C297
C003	C335
C003	C361
C003	C363
C003	C508
C003	C515
C003	C655
C003	C690
C003	C724
C003	C785
C003	C791
C006	C003
C006	C041
C006	C297
C006	C335
C006	C361
C006	C363
C006	C508
C006	C515
C006	C655
C006	C690
C006	C724
C006	C785
C006	C791
C008	C049
C008	C051
C008	C075
C008	C082
C008	C123
C008	C126
C008	C128
C008	C207
C008	C217
C008	C248
C008	C332
C008	C348
C008	C393
C008	C395
C008	C398
C008	C438
C008	C446
C008	C507
C008	C533
C008	C550
C008	C562
C008	C573
C008	C600
C008	C622
C008	C635
C008	C694
C008	C720
C008	C730
C008	C759
C008	C774
C008	C788
C009	C052
C009	C258
C009	C270
C009	C346
C009	C351
C009	C482
C009	C505
C009	C532
C009	C561
C009	C601
C009	C611
C009	C644
C009	C654
C009	C664
C009	C715
C009	C775
C010	C018
C010	C025
C010	C031
C010	C038
C010	C065
C010	C140
C010	C190
C010	C191
C010	C199
C010	C222
C010	C237
C010	C247
C010	C271
C010	C313
C010	C385
C010	C418
C010	C436
C010	C437
C010	C465
C010	C525
C010	C537
C010	C593
C010	C659
C010	C714
C012	C000
C012	C024
C012	C045
C012	C047
C012	C050
C012	C061
C012	C081
C012	C085
C012	C098
C012	C129
C012	C130
C012	C156
C012	C162
C012	C173
C012	C197
C012	C204
C012	C209
C012	C224
C012	C260
C012	C359
C012	C386
C012	C401
C012	C425
C012	C448
C012	C521
C012	C551
C012	C577
C012	C629
C012	C631
C012	C663
C012	C684
C012	C685
C012	C692
C012	C721
C012	C734
C012	C741
C012	C749
C016	C000
C016	C012
C016	C019
C016	C024
C016	C045
C016	C047
C016	C050
C016	C061
C016	C081
C016	C085
C016	C098
C016	C129
C016	C130
C016	C153
C016	C156
C016	C162
C016	C164
C016	C173
C016	C197
C016	C204
C016	C209
C016	C224
C016	C238
C016	C244
C016	C260
C016	C286
C016	C359
C016	C386
C016	C396
C016	C401
C016	C425
C016	C428
C016	C431
C016	C448
C016	C469
C016	C517
C016	C521
C016	C549
C016	C551
C016	C577
C016	C597
C016	C629
C016	C631
C016	C663
C016	C684
C016	C685
C016	C692
C016	C721
C016	C734
C016	C741
C016	C749
C016	C757
C018	C191
C018	C247
C018	C271
C018	C465
C018	C537
C018	C659
C019	C000
C019	C012
C019	C016
C019	C024
C019	C045
C019	C047
C019	C050
C019	C061
C019	C081
C019	C085
C019	C098
C019	C129
C019	C130
C019	C153
C019	C156
C019	C162
C019	C164
C019	C173
C019	C197
C019	C204
C019	C209
C019	C224
C019	C238
C019	C244
C019	C260
C019	C286
C019	C359
C019	C386
C019	C396
C019	C401
C019	C425
C019	C428
C019	C431
C019	C448
C019	C469
C019	C517
C019	C521
C019	C549
C019	C551
C019	C577
C019	C597
C019	C629
C019	C631
C019	C663
C019	C684
C019	C685
C019	C692
C019	C721
C019	C734
C019	C741
C019	C749
C019	C757
C021	C033
C021	C125
C021	C166
C021	C196
C021	C200
C021	C274
C021	C324
C021	C331
C021	C344
C021	C350
C021	C364
C021	C365
C021	C371
C021	C417
C021	C433
C021	C444
C021	C455
C021	C462
C021	C463
C021	C472
C021	C498
C021	C546
C021	C574
C021	C594
C021	C625
C021	C634
C021	C645
C021	C702
C021	C725
C021	C756
C021	C766
C021	C778
C022	C000
C022	C012
C022	C016
C022	C019
C022	C024
C022	C045
C022	C047
C022	C050
C022	C061
C022	C081
C022	C085
C022	C098
C022	C105
C022	C114
C022	C129
C022	C130
C022	C153
C022	C156
C022	C162
C022	C164
C022	C173
C022	C197
C022	C204
C022	C209
C022	C224
C022	C238
C022	C244
C022	C260
C022	C286
C022	C294
C022	C359
C022	C368
C022	C386
C022	C396
C022	C401
C022	C425
C022	C428
C022	C431
C022	C448
C022	C469
C022	C517
C022	C521
C022	C549
C022	C551
C022	C576
C022	C577
C022	C585
C022	C597
C022	C629
C022	C631
C022	C663
C022	C675
C022	C684
C022	C685
C022	C692
C022	C721
C022	C731
C022	C734
C022	C741
C022	C749
C022	C750
C022	C757
C023	C626
C023	C705
C023	C752
C023	C790
C024	C000
C024	C012
C024	C045
C024	C047
C024	C050
C024	C061
C024	C081
C024	C085
C024	C098
C024	C129
C024	C130
C024	C156
C024	C162
C024	C173
C024	C197
C024	C204
C024	C209
C024	C224
C024	C260
C024	C359
C024	C386
C024	C401
C024	C425
C024	C448
C024	C521
C024	C551
C024	C577
C024	C629
C024	C631
C024	C663
C024	C684
C024	C685
C024	C692
C024	C721
C024	C734
C024	C741
C024	C749
C025	C010
C025	C018
C025	C031
C025	C038
C025	C065
C025	C140
C025	C190
C025	C191
C025	C199
C025	C222
C025	C237
C025	C247
C025	C271
C025	C313
C025	C385
C025	C418
C025	C436
C025	C437
C025	C465
C025	C525
C025	C537
C025	C593
C025	C659
C025	C714
C026	C089
C026	C160
C026	C168
C026	C235
C026	C301
C026	C491
C026	C506
C026	C563
C026	C603
C026	C620
C026	C641
C026	C780
C028	C058
C028	C080
C028	C369
C028	C447
C028	C484
C028	C492
C028	C583
C028	C711
C028	C738
C031	C010
C031	C018
C031	C025
C031	C038
C031	C065
C031	C140
C031	C190
C031	C191
C031	C199
C031	C222
C031	C237
C031	C247
C031	C271
C031	C313
C031	C385
C031	C418
C031	C436
C031	C437
C031	C465
C031	C525
C031	C537
C031	C593
C031	C659
C031	C714
C032	C043
C032	C138
C032	C181
C032	C273
C032	C323
C032	C358
C032	C403
C032	C513
C032	C596
C032	C612
C032	C653
C032	C737
C033	C625
C033	C634
C038	C010
C038	C018
C038	C025
C038	C031
C038	C065
C038	C140
C038	C190
C038	C191
C038	C199
C038	C222
C038	C237
C038	C247
C038	C271
C038	C313
C038	C385
C038	C418
C038	C436
C038	C437
C038	C465
C038	C525
C038	C537
C038	C593
C038	C659
C038	C714
C041	C003
C041	C006
C041	C297
C041	C335
C041	C361
C041	C363
C041	C508
C041	C515
C041	C655
C041	C690
C041	C724
C041	C785
C041	C791
C043	C032
C043	C138
C043	C181
C043	C273
C043	C323
C043	C358
C043	C403
C043	C513
C043	C596
C043	C612
C043	C653
C043	C737
C045	C000
C045	C012
C045	C024
C045	C047
C045	C050
C045	C061
C045	C081
C045	C085
C045	C098
C045	C129
C045	C130
C045	C156
C045	C162
C045	C173
C045	C197
C045	C204
C045	C209
C045	C224
C045	C260
C045	C359
C045	C386
C045	C401
C045	C425
C045	C448
C045	C521
C045	C551
C045	C577
C045	C629
C045	C631
C045	C663
C045	C684
C045	C685
C045	C692
C045	C721
C045	C734
C045	C741
C045	C749
C046	C167
C046	C333
C046	C341
C046	C616
C046	C743
C047	C000
C047	C012
C047	C024
C047	C045
C047	C050
C047	C061
C047	C081
C047	C085
C047	C098
C047	C129
C047	C130
C047	C156
C047	C162
C047	C173
C047	C197
C047	C204
C047	C209
C047	C224
C047	C260
C047	C359
C047	C386
C047	C401
C047	C425
C047	C448
C047	C521
C047	C551
C047	C577
C047	C629
C047	C631
C047	C663
C047	C684
C047	C685
C047	C692
C047	C721
C047	C734
C047	C741
C047	C749
C048	C003
C048	C006
C048	C041
C048	C108
C048	C110
C048	C227
C048	C254
C048	C257
C048	C297
C048	C335
C048	C349
C048	C357
C048	C361
C048	C363
C048	C381
C048	C407
C048	C508
C048	C515
C048	C528
C048	C655
C048	C690
C048	C710
C048	C724
C048	C776
C048	C785
C048	C791
C048	C797
C048	C799
C049	C051
C049	C075
C049	C123
C049	C128
C049	C332
C049	C348
C049	C393
C049	C398
C049	C446
C049	C533
C049	C550
C049	C562
C049	C622
C049	C635
C049	C694
C049	C720
C049	C759
C049	C788
C050	C000
C050	C012
C050	C024
C050	C045
C050	C047
C050	C061
C050	C081
C050	C085
C050	C098
C050	C129
C050	C130
C050	C156
C050	C162
C050	C173
C050	C197
C050	C204
C050	C209
C050	C224
C050	C260
C050	C359
C050	C386
C050	C401
C050	C425
C050	C448
C050	C521
C050	C551
C050	C577
C050	C629
C050	C631
C050	C663
C050	C684
C050	C685
C050	C692
C050	C721
C050	C734
C050	C741
C050	C749
C051	C049
C051	C075
C051	C123
C051	C128
C051	C332
C051	C348
C051	C393
C051	C398
C051	C446
C051	C533
C051	C550
C051	C562
C051	C622
C051	C635
C051	C694
C051	C720
C051	C759
C051	C788
C052	C270
C052	C346
C052	C351
C052	C482
C052	C532
C052	C601
C052	C611
C052	C654
C052	C664
C052	C715
C055	C113
C055	C175
C055	C210
C055	C272
C055	C310
C055	C340
C055	C399
C055	C420
C055	C530
C055	C534
C055	C572
C055	C623
C055	C638
C055	C642
C055	C769
C055	C784
C058	C028
C058	C080
C058	C369
C058	C447
C058	C484
C058	C492
C058	C583
C058	C711
C058	C738
C061	C000
C061	C085
C061	C130
C061	C162
C061	C425
C061	C577
C061	C749
C062	C094
C062	C133
C062	C278
C062	C404
C062	C557
C062	C591
C062	C617
C062	C779
C063	C086
C063	C298
C063	C397
C063	C480
C065	C010
C065	C018
C065	C025
C065	C031
C065	C038
C065	C140
C065	C190
C065	C191
C065	C199
C065	C222
C065	C237
C065	C247
C065	C271
C065	C313
C065	C385
C065	C418
C065	C436
C065	C437
C065	C465
C065	C525
C065	C537
C065	C593
C065	C659
C065	C714
C068	C055
C068	C113
C068	C115
C068	C118
C068	C142
C068	C175
C068	C210
C068	C220
C068	C232
C068	C267
C068	C272
C068	C275
C068	C285
C068	C293
C068	C309
C068	C310
C068	C340
C068	C362
C068	C377
C068	C399
C068	C415
C068	C420
C068	C443
C068	C530
C068	C531
C068	C534
C068	C540
C068	C572
C068	C581
C068	C582
C068	C605
C068	C606
C068	C610
C068	C623
C068	C638
C068	C642
C068	C683
C068	C703
C068	C718
C068	C723
C068	C769
C068	C784
C068	C793
C071	C203
C071	C212
C071	C372
C071	C430
C071	C460
C071	C707
C072	C251
C072	C523
C073	C151
C073	C256
C073	C496
C073	C539
C073	C651
C073	C701
C074	C072
C074	C112
C074	C251
C074	C261
C074	C392
C074	C456
C074	C523
C074	C571
C075	C049
C075	C051
C075	C123
C075	C128
C075	C332
C075	C348
C075	C393
C075	C398
C075	C446
C075	C533
C075	C550
C075	C562
C075	C622
C075	C635
C075	C694
C075	C720
C075	C759
C075	C788
C076	C009
C076	C052
C076	C145
C076	C149
C076	C202
C076	C258
C076	C270
C076	C346
C076	C351
C076	C482
C076	C505
C076	C516
C076	C532
C076	C561
C076	C598
C076	C601
C076	C611
C076	C644
C076	C654
C076	C656
C076	C664
C076	C715
C076	C747
C076	C775
C078	C146
C078	C264
C078	C303
C078	C320
C078	C471
C078	C609
C078	C614
C078	C773
C080	C028
C080	C058
C080	C369
C080	C447
C080	C484
C080	C492
C080	C583
C080	C711
C080	C738
C081	C000
C081	C012
C081	C024
C081	C045
C081	C047
C081	C050
C081	C061
C081	C085
C081	C098
C081	C129
C081	C130
C081	C156
C081	C162
C081	C173
C081	C197
C081	C204
C081	C209
C081	C224
C081	C260
C081	C359
C081	C386
C081	C401
C081	C425
C081	C448
C081	C521
C081	C551
C081	C577
C081	C629
C081	C631
C081	C663
C081	C684
C081	C685
C081	C692
C081	C721
C081	C734
C081	C741
C081	C749
C082	C049
C082	C051
C082	C075
C082	C123
C082	C126
C082	C128
C082	C332
C082	C348
C082	C393
C082	C395
C082	C398
C082	C438
C082	C446
C082	C507
C082	C533
C082	C550
C082	C562
C082	C573
C082	C600
C082	C622
C082	C635
C082	C694
C082	C720
C082	C730
C082	C759
C082	C788
C085	C000
C085	C061
C085	C130
C085	C162
C085	C425
C085	C577
C085	C749
C086	C298
C086	C397
C086	C480
C089	C026
C089	C160
C089	C168
C089	C235
C089	C301
C089	C491
C089	C506
C089	C563
C089	C603
C089	C620
C089	C641
C089	C780
C094	C062
C094	C133
C094	C278
C094	C404
C094	C557
C094	C591
C094	C617
C094	C779
C097	C002
C097	C330
C097	C379
C097	C408
C097	C470
C097	C479
C097	C509
C097	C514
C097	C686
C097	C698
C097	C745
C097	C758
C097	C767
C097	C782
C097	C789
C098	C000
C098	C012
C098	C024
C098	C045
C098	C047
C098	C050
C098	C061
C098	C081
C098	C085
C098	C129
C098	C130
C098	C156
C098	C162
C098	C173
C098	C197
C098	C204
C098	C209
C098	C224
C098	C260
C098	C359
C098	C386
C098	C401
C098	C425
C098	C448
C098	C521
C098	C551
C098	C577
C098	C629
C098	C631
C098	C663
C098	C684
C098	C685
C098	C692
C098	C721
C098	C734
C098	C741
C098	C749
C102	C021
C102	C033
C102	C125
C102	C166
C102	C196
C102	C200
C102	C274
C102	C324
C102	C331
C102	C344
C102	C350
C102	C364
C102	C365
C102	C371
C102	C417
C102	C433
C102	C444
C102	C455
C102	C462
C102	C463
C102	C472
C102	C498
C102	C546
C102	C574
C102	C594
C102	C625
C102	C634
C102	C645
C102	C702
C102	C725
C102	C756
C102	C766
C102	C778
C105	C000
C105	C012
C105	C016
C105	C019
C105	C022
C105	C024
C105	C045
C105	C047
C105	C050
C105	C061
C105	C081
C105	C085
C105	C098
C105	C114
C105	C129
C105	C130
C105	C153
C105	C156
C105	C162
C105	C164
C105	C173
C105	C197
C105	C204
C105	C209
C105	C224
C105	C238
C105	C244
C105	C260
C105	C286
C105	C294
C105	C359
C105	C368
C105	C386
C105	C396
C105	C401
C105	C425
C105	C428
C105	C431
C105	C448
C105	C469
C105	C517
C105	C521
C105	C549
C105	C551
C105	C576
C105	C577
C105	C585
C105	C597
C105	C629
C105	C631
C105	C663
C105	C675
C105	C684
C105	C685
C105	C692
C105	C721
C105	C731
C105	C734
C105	C741
C105	C749
C105	C750
C105	C757
C106	C116
C106	C119
C106	C353
C106	C441
C106	C501
C106	C552
C106	C624
C106	C677
C108	C003
C108	C006
C108	C041
C108	C048
C108	C110
C108	C227
C108	C254
C108	C257
C108	C297
C108	C335
C108	C349
C108	C357
C108	C361
C108	C363
C108	C381
C108	C407
C108	C508
C108	C515
C108	C528
C108	C655
C108	C690
C108	C710
C108	C724
C108	C776
C108	C785
C108	C791
C108	C797
C108	C799
C110	C003
C110	C006
C110	C041
C110	C048
C110	C108
C110	C227
C110	C254
C110	C257
C110	C297
C110	C335
C110	C349
C110	C357
C110	C361
C110	C363
C110	C381
C110	C407
C110	C508
C110	C515
C110	C528
C110	C655
C110	C690
C110	C710
C110	C724
C110	C776
C110	C785
C110	C791
C110	C797
C110	C799
C112	C072
C112	C074
C112	C251
C112	C261
C112	C392
C112	C456
C112	C523
C112	C571
C113	C055
C113	C175
C113	C210
C113	C272
C113	C310
C113	C340
C113	C399
C113	C420
C113	C530
C113	C534
C113	C572
C113	C623
C113	C638
C113	C642
C113	C769
C113	C784
C114	C000
C114	C012
C114	C016
C114	C019
C114	C022
C114	C024
C114	C045
C114	C047
C114	C050
C114	C061
C114	C081
C114	C085
C114	C098
C114	C105
C114	C129
C114	C130
C114	C153
C114	C156
C114	C162
C114	C164
C114	C173
C114	C197
C114	C204
C114	C209
C114	C224
C114	C238
C114	C244
C114	C260
C114	C286
C114	C294
C114	C359
C114	C368
C114	C386
C114	C396
C114	C401
C114	C425
C114	C428
C114	C431
C114	C448
C114	C469
C114	C517
C114	C521
C114	C549
C114	C551
C114	C576
C114	C577
C114	C585
C114	C597
C114	C629
C114	C631
C114	C663
C114	C675
C114	C684
C114	C685
C114	C692
C114	C721
C114	C731
C114	C734
C114	C741
C114	C749
C114	C750
C114	C757
C115	C055
C115	C113
C115	C142
C115	C175
C115	C210
C115	C220
C115	C232
C115	C272
C115	C275
C115	C285
C115	C293
C115	C309
C115	C310
C115	C340
C115	C362
C115	C377
C115	C399
C115	C415
C115	C420
C115	C443
C115	C530
C115	C531
C115	C534
C115	C540
C115	C572
C115	C581
C115	C606
C115	C623
C115	C638
C115	C642
C115	C769
C115	C784
C115	C793
C116	C106
C116	C119
C116	C353
C116	C441
C116	C501
C116	C552
C116	C624
C116	C677
C118	C055
C118	C113
C118	C115
C118	C142
C118	C175
C118	C210
C118	C220
C118	C232
C118	C267
C118	C272
C118	C275
C118	C285
C118	C293
C118	C309
C118	C310
C118	C340
C118	C362
C118	C377
C118	C399
C118	C415
C118	C420
C118	C443
C118	C530
C118	C531
C118	C534
C118	C540
C118	C572
C118	C581
C118	C582
C118	C605
C118	C606
C118	C610
C118	C623
C118	C638
C118	C642
C118	C683
C118	C703
C118	C718
C118	C723
C118	C769
C118	C784
C118	C793
C119	C106
C119	C116
C119	C353
C119	C441
C119	C501
C119	C552
C119	C624
C119	C677
C123	C049
C123	C051
C123	C075
C123	C128
C123	C332
C123	C348
C123	C393
C123	C398
C123	C446
C123	C533
C123	C550
C123	C562
C123	C622
C123	C635
C123	C694
C123	C720
C123	C759
C123	C788
C124	C010
C124	C018
C124	C025
C124	C031
C124	C038
C124	C065
C124	C140
C124	C190
C124	C191
C124	C199
C124	C222
C124	C237
C124	C247
C124	C271
C124	C313
C124	C383
C124	C384
C124	C385
C124	C418
C124	C436
C124	C437
C124	C465
C124	C466
C124	C525
C124	C537
C124	C556
C124	C593
C124	C659
C124	C714
C124	C728
C125	C021
C125	C033
C125	C166
C125	C196
C125	C200
C125	C274
C125	C324
C125	C331
C125	C344
C125	C350
C125	C364
C125	C365
C125	C371
C125	C417
C125	C433
C125	C444
C125	C455
C125	C462
C125	C463
C125	C472
C125	C498
C125	C546
C125	C574
C125	C594
C125	C625
C125	C634
C125	C645
C125	C702
C125	C725
C125	C756
C125	C766
C125	C778
C126	C049
C126	C051
C126	C075
C126	C082
C126	C123
C126	C128
C126	C332
C126	C348
C126	C393
C126	C395
C126	C398
C126	C438
C126	C446
C126	C507
C126	C533
C126	C550
C126	C562
C126	C573
C126	C600
C126	C622
C126	C635
C126	C694
C126	C720
C126	C730
C126	C759
C126	C788
C128	C049
C128	C051
C128	C075
C128	C123
C128	C332
C128	C348
C128	C393
C128	C398
C128	C446
C128	C533
C128	C550
C128	C562
C128	C622
C128	C635
C128	C694
C128	C720
C128	C759
C128	C788
C129	C000
C129	C012
C129	C024
C129	C045
C129	C047
C129	C050
C129	C061
C129	C081
C129	C085
C129	C098
C129	C130
C129	C156
C129	C162
C129	C173
C129	C197
C129	C204
C129	C209
C129	C224
C129	C260
C129	C359
C129	C386
C129	C401
C129	C425
C129	C448
C129	C521
C129	C551
C129	C577
C129	C629
C129	C631
C129	C663
C129	C684
C129	C685
C129	C692
C129	C721
C129	C734
C129	C741
C129	C749
C130	C000
C130	C061
C130	C085
C130	C162
C130	C425
C130	C577
C130	C749
C133	C062
C133	C094
C133	C278
C133	C404
C133	C557
C133	C591
C133	C617
C133	C779
C138	C032
C138	C043
C138	C181
C138	C273
C138	C323
C138	C358
C138	C403
C138	C513
C138	C596
C138	C612
C138	C653
C138	C737
C140	C010
C140	C018
C140	C025
C140	C031
C140	C038
C140	C065
C140	C190
C140	C191
C140	C199
C140	C222
C140	C237
C140	C247
C140	C271
C140	C313
C140	C385
C140	C418
C140	C436
C140	C437
C140	C465
C140	C525
C140	C537
C140	C593
C140	C659
C140	C714
C142	C055
C142	C113
C142	C115
C142	C175
C142	C210
C142	C220
C142	C232
C142	C272
C142	C275
C142	C285
C142	C293
C142	C309
C142	C310
C142	C340
C142	C362
C142	C377
C142	C399
C142	C415
C142	C420
C142	C443
C142	C530
C142	C531
C142	C534
C142	C540
C142	C572
C142	C581
C142	C606
C142	C623
C142	C638
C142	C642
C142	C769
C142	C784
C142	C793
C143	C214
C145	C009
C145	C052
C145	C076
C145	C149
C145	C202
C145	C258
C145	C270
C145	C346
C145	C351
C145	C482
C145	C505
C145	C516
C145	C532
C145	C561
C145	C598
C145	C601
C145	C611
C145	C644
C145	C654
C145	C656
C145	C664
C145	C715
C145	C747
C145	C775
C146	C078
C146	C264
C146	C303
C146	C320
C146	C471
C146	C609
C146	C614
C146	C773
C149	C009
C149	C052
C149	C076
C149	C145
C149	C202
C149	C258
C149	C270
C149	C346
C149	C351
C149	C482
C149	C505
C149	C516
C149	C532
C149	C561
C149	C598
C149	C601
C149	C611
C149	C644
C149	C654
C149	C656
C149	C664
C149	C715
C149	C747
C149	C775
C151	C073
C151	C256
C151	C496
C151	C539
C151	C651
C151	C701
C153	C000
C153	C012
C153	C016
C153	C019
C153	C024
C153	C045
C153	C047
C153	C050
C153	C061
C153	C081
C153	C085
C153	C098
C153	C129
C153	C130
C153	C156
C153	C162
C153	C164
C153	C173
C153	C197
C153	C204
C153	C209
C153	C224
C153	C238
C153	C244
C153	C260
C153	C286
C153	C359
C153	C386
C153	C396
C153	C401
C153	C425
C153	C428
C153	C431
C153	C448
C153	C469
C153	C517
C153	C521
C153	C549
C153	C551
C153	C577
C153	C597
C153	C629
C153	C631
C153	C663
C153	C684
C153	C685
C153	C692
C153	C721
C153	C734
C153	C741
C153	C749
C153	C757
C156	C000
C156	C012
C156	C024
C156	C045
C156	C047
C156	C050
C156	C061
C156	C081
C156	C085
C156	C098
C156	C129
C156	C130
C156	C162
C156	C173
C156	C197
C156	C204
C156	C209
C156	C224
C156	C260
C156	C359
C156	C386
C156	C401
C156	C425
C156	C448
C156	C521
C156	C551
C156	C577
C156	C629
C156	C631
C156	C663
C156	C684
C156	C685
C156	C692
C156	C721
C156	C734
C156	C741
C156	C749
C160	C026
C160	C089
C160	C168
C160	C235
C160	C301
C160	C491
C160	C506
C160	C563
C160	C603
C160	C620
C160	C641
C160	C780
C162	C000
C162	C061
C162	C085
C162	C130
C162	C425
C162	C577
C162	C749
C164	C000
C164	C012
C164	C016
C164	C019
C164	C024
C164	C045
C164	C047
C164	C050
C164	C061
C164	C081
C164	C085
C164	C098
C164	C129
C164	C130
C164	C153
C164	C156
C164	C162
C164	C173
C164	C197
C164	C204
C164	C209
C164	C224
C164	C238
C164	C244
C164	C260
C164	C286
C164	C359
C164	C386
C164	C396
C164	C401
C164	C425
C164	C428
C164	C431
C164	C448
C164	C469
C164	C517
C164	C521
C164	C549
C164	C551
C164	C577
C164	C597
C164	C629
C164	C631
C164	C663
C164	C684
C164	C685
C164	C692
C164	C721
C164	C734
C164	C741
C164	C749
C164	C757
C166	C021
C166	C033
C166	C125
C166	C196
C166	C200
C166	C274
C166	C324
C166	C331
C166	C344
C166	C350
C166	C364
C166	C365
C166	C371
C166	C417
C166	C433
C166	C444
C166	C455
C166	C462
C166	C463
C166	C472
C166	C498
C166	C546
C166	C574
C166	C594
C166	C625
C166	C634
C166	C645
C166	C702
C166	C725
C166	C756
C166	C766
C166	C778
C167	C046
C167	C333
C167	C341
C167	C616
C167	C743
C168	C026
C168	C089
C168	C160
C168	C235
C168	C301
C168	C491
C168	C506
C168	C563
C168	C603
C168	C620
C168	C641
C168	C780
C170	C468
C172	C009
C172	C052
C172	C076
C172	C145
C172	C149
C172	C202
C172	C258
C172	C270
C172	C346
C172	C351
C172	C482
C172	C505
C172	C516
C172	C532
C172	C561
C172	C598
C172	C601
C172	C611
C172	C644
C172	C654
C172	C656
C172	C664
C172	C715
C172	C747
C172	C775
C173	C000
C173	C012
C173	C024
C173	C045
C173	C047
C173	C050
C173	C061
C173	C081
C173	C085
C173	C098
C173	C129
C173	C130
C173	C156
C173	C162
C173	C197
C173	C204
C173	C209
C173	C224
C173	C260
C173	C359
C173	C386
C173	C401
C173	C425
C173	C448
C173	C521
C173	C551
C173	C577
C173	C629
C173	C631
C173	C663
C173	C684
C173	C685
C173	C692
C173	C721
C173	C734
C173	C741
C173	C749
C175	C055
C175	C113
C175	C210
C175	C272
C175	C310
C175	C340
C175	C399
C175	C420
C175	C530
C175	C534
C175	C572
C175	C623
C175	C638
C175	C642
C175	C769
C175	C784
C181	C032
C181	C043
C181	C138
C181	C273
C181	C323
C181	C358
C181	C403
C181	C513
C181	C596
C181	C612
C181	C653
C181	C737
C190	C010
C190	C018
C190	C025
C190	C031
C190	C038
C190	C065
C190	C140
C190	C191
C190	C199
C190	C222
C190	C237
C190	C247
C190	C271
C190	C313
C190	C385
C190	C418
C190	C436
C190	C437
C190	C465
C190	C525
C190	C537
C190	C593
C190	C659
C190	C714
C191	C018
C191	C247
C191	C271
C191	C465
C191	C537
C191	C659
C196	C033
C196	C350
C196	C371
C196	C417
C196	C433
C196	C472
C196	C498
C196	C546
C196	C574
C196	C625
C196	C634
C196	C702
C196	C756
C196	C766
C196	C778
C197	C000
C197	C012
C197	C024
C197	C045
C197	C047
C197	C050
C197	C061
C197	C081
C197	C085
C197	C098
C197	C129
C197	C130
C197	C156
C197	C162
C197	C173
C197	C204
C197	C209
C197	C224
C197	C260
C197	C359
C197	C386
C197	C401
C197	C425
C197	C448
C197	C521
C197	C551
C197	C577
C197	C629
C197	C631
C197	C663
C197	C684
C197	C685
C197	C692
C197	C721
C197	C734
C197	C741
C197	C749
C199	C010
C199	C018
C199	C025
C199	C031
C199	C038
C199	C065
C199	C140
C199	C190
C199	C191
C199	C222
C199	C237
C199	C247
C199	C271
C199	C313
C199	C385
C199	C418
C199	C436
C199	C437
C199	C465
C199	C525
C199	C537
C199	C593
C199	C659
C199	C714
C200	C021
C200	C033
C200	C125
C200	C166
C200	C196
C200	C274
C200	C324
C200	C331
C200	C344
C200	C350
C200	C364
C200	C365
C200	C371
C200	C417
C200	C433
C200	C444
C200	C455
C200	C462
C200	C463
C200	C472
C200	C498
C200	C546
C200	C574
C200	C594
C200	C625
C200	C634
C200	C645
C200	C702
C200	C725
C200	C756
C200	C766
C200	C778
C202	C009
C202	C052
C202	C076
C202	C145
C202	C149
C202	C258
C202	C270
C202	C346
C202	C351
C202	C482
C202	C505
C202	C516
C202	C532
C202	C561
C202	C598
C202	C601
C202	C611
C202	C644
C202	C654
C202	C656
C202	C664
C202	C715
C202	C747
C202	C775
C203	C071
C203	C212
C203	C372
C203	C430
C203	C460
C203	C707
C204	C000
C204	C012
C204	C024
C204	C045
C204	C047
C204	C050
C204	C061
C204	C081
C204	C085
C204	C098
C204	C129
C204	C130
C204	C156
C204	C162
C204	C173
C204	C197
C204	C209
C204	C224
C204	C260
C204	C359
C204	C386
C204	C401
C204	C425
C204	C448
C204	C521
C204	C551
C204	C577
C204	C629
C204	C631
C204	C663
C204	C684
C204	C685
C204	C692
C204	C721
C204	C734
C204	C741
C204	C749
C207	C008
C207	C049
C207	C051
C207	C075
C207	C082
C207	C123
C207	C126
C207	C128
C207	C217
C207	C248
C207	C332
C207	C348
C207	C393
C207	C395
C207	C398
C207	C438
C207	C446
C207	C507
C207	C533
C207	C550
C207	C562
C207	C573
C207	C600
C207	C622
C207	C635
C207	C694
C207	C720
C207	C730
C207	C759
C207	C774
C207	C788
C209	C000
C209	C012
C209	C024
C209	C045
C209	C047
C209	C050
C209	C061
C209	C081
C209	C085
C209	C098
C209	C129
C209	C130
C209	C156
C209	C162
C209	C173
C209	C197
C209	C204
C209	C224
C209	C260
C209	C359
C209	C386
C209	C401
C209	C425
C209	C448
C209	C521
C209	C551
C209	C577
C209	C629
C209	C631
C209	C663
C209	C684
C209	C685
C209	C692
C209	C721
C209	C734
C209	C741
C209	C749
C210	C055
C210	C113
C210	C175
C210	C272
C210	C310
C210	C340
C210	C399
C210	C420
C210	C530
C210	C534
C210	C572
C210	C623
C210	C638
C210	C642
C210	C769
C210	C784
C212	C071
C212	C203
C212	C372
C212	C430
C212	C460
C212	C707
C214	C143
C216	C691
C217	C008
C217	C049
C217	C051
C217	C075
C217	C082
C217	C123
C217	C126
C217	C128
C217	C207
C217	C248
C217	C332
C217	C348
C217	C393
C217	C395
C217	C398
C217	C438
C217	C446
C217	C507
C217	C533
C217	C550
C217	C562
C217	C573
C217	C600
C217	C622
C217	C635
C217	C694
C217	C720
C217	C730
C217	C759
C217	C774
C217	C788
C220	C055
C220	C113
C220	C115
C220	C142
C220	C175
C220	C210
C220	C232
C220	C272
C220	C275
C220	C285
C220	C293
C220	C309
C220	C310
C220	C340
C220	C362
C220	C377
C220	C399
C220	C415
C220	C420
C220	C443
C220	C530
C220	C531
C220	C534
C220	C540
C220	C572
C220	C581
C220	C606
C220	C623
C220	C638
C220	C642
C220	C769
C220	C784
C220	C793
C222	C010
C222	C018
C222	C025
C222	C031
C222	C038
C222	C065
C222	C140
C222	C190
C222	C191
C222	C199
C222	C237
C222	C247
C222	C271
C222	C313
C222	C385
C222	C418
C222	C436
C222	C437
C222	C465
C222	C525
C222	C537
C222	C593
C222	C659
C222	C714
C224	C000
C224	C012
C224	C024
C224	C045
C224	C047
C224	C050
C224	C061
C224	C081
C224	C085
C224	C098
C224	C129
C224	C130
C224	C156
C224	C162
C224	C173
C224	C197
C224	C204
C224	C209
C224	C260
C224	C359
C224	C386
C224	C401
C224	C425
C224	C448
C224	C521
C224	C551
C224	C577
C224	C629
C224	C631
C224	C663
C224	C684
C224	C685
C224	C692
C224	C721
C224	C734
C224	C741
C224	C749
C227	C003
C227	C006
C227	C041
C227	C048
C227	C108
C227	C110
C227	C254
C227	C257
C227	C297
C227	C335
C227	C349
C227	C357
C227	C361
C227	C363
C227	C381
C227	C407
C227	C508
C227	C515
C227	C528
C227	C655
C227	C690
C227	C710
C227	C724
C227	C776
C227	C785
C227	C791
C227	C797
C227	C799
C232	C055
C232	C113
C232	C115
C232	C142
C232	C175
C232	C210
C232	C220
C232	C272
C232	C275
C232	C285
C232	C293
C232	C309
C232	C310
C232	C340
C232	C362
C232	C377
C232	C399
C232	C415
C232	C420
C232	C443
C232	C530
C232	C531
C232	C534
C232	C540
C232	C572
C232	C581
C232	C606
C232	C623
C232	C638
C232	C642
C232	C769
C232	C784
C232	C793
C235	C026
C235	C089
C235	C160
C235	C168
C235	C301
C235	C491
C235	C506
C235	C563
C235	C603
C235	C620
C235	C641
C235	C780
C237	C010
C237	C018
C237	C025
C237	C031
C237	C038
C237	C065
C237	C140
C237	C190
C237	C191
C237	C199
C237	C222
C237	C247
C237	C271
C237	C313
C237	C385
C237	C418
C237	C436
C237	C437
C237	C465
C237	C525
C237	C537
C237	C593
C237	C659
C237	C714
C238	C000
C238	C012
C238	C016
C238	C019
C238	C024
C238	C045
C238	C047
C238	C050
C238	C061
C238	C081
C238	C085
C238	C098
C238	C129
C238	C130
C238	C153
C238	C156
C238	C162
C238	C164
C238	C173
C238	C197
C238	C204
C238	C209
C238	C224
C238	C244
C238	C260
C238	C286
C238	C359
C238	C386
C238	C396
C238	C401
C238	C425
C238	C428
C238	C431
C238	C448
C238	C469
C238	C517
C238	C521
C238	C549
C238	C551
C238	C577
C238	C597
C238	C629
C238	C631
C238	C663
C238	C684
C238	C685
C238	C692
C238	C721
C238	C734
C238	C741
C238	C749
C238	C757
C244	C000
C244	C012
C244	C016
C244	C019
C244	C024
C244	C045
C244	C047
C244	C050
C244	C061
C244	C081
C244	C085
C244	C098
C244	C129
C244	C130
C244	C153
C244	C156
C244	C162
C244	C164
C244	C173
C244	C197
C244	C204
C244	C209
C244	C224
C244	C238
C244	C260
C244	C286
C244	C359
C244	C386
C244	C396
C244	C401
C244	C425
C244	C428
C244	C431
C244	C448
C244	C469
C244	C517
C244	C521
C244	C549
C244	C551
C244	C577
C244	C597
C244	C629
C244	C631
C244	C663
C244	C684
C244	C685
C244	C692
C244	C721
C244	C734
C244	C741
C244	C749
C244	C757
C245	C336
C245	C584
C245	C589
C246	C046
C246	C167
C246	C333
C246	C341
C246	C616
C246	C743
C247	C018
C247	C191
C247	C271
C247	C465
C247	C537
C247	C659
C248	C008
C248	C049
C248	C051
C248	C075
C248	C082
C248	C123
C248	C126
C248	C128
C248	C207
C248	C217
C248	C332
C248	C348
C248	C393
C248	C395
C248	C398
C248	C438
C248	C446
C248	C507
C248	C533
C248	C550
C248	C562
C248	C573
C248	C600
C248	C622
C248	C635
C248	C694
C248	C720
C248	C730
C248	C759
C248	C774
C248	C788
C251	C072
C251	C523
C254	C003
C254	C006
C254	C041
C254	C048
C254	C108
C254	C110
C254	C227
C254	C257
C254	C297
C254	C335
C254	C349
C254	C357
C254	C361
C254	C363
C254	C381
C254	C407
C254	C508
C254	C515
C254	C528
C254	C655
C254	C690
C254	C710
C254	C724
C254	C776
C254	C785
C254	C791
C254	C797
C254	C799
C255	C543
C255	C713
C255	C740
C256	C073
C256	C151
C256	C496
C256	C539
C256	C651
C256	C701
C257	C003
C257	C006
C257	C041
C257	C048
C257	C108
C257	C110
C257	C227
C257	C254
C257	C297
C257	C335
C257	C349
C257	C357
C257	C361
C257	C363
C257	C381
C257	C407
C257	C508
C257	C515
C257	C528
C257	C655
C257	C690
C257	C710
C257	C724
C257	C776
C257	C785
C257	C791
C257	C797
C257	C799
C258	C052
C258	C270
C258	C346
C258	C351
C258	C482
C258	C532
C258	C561
C258	C601
C258	C611
C258	C644
C258	C654
C258	C664
C258	C715
C260	C000
C260	C012
C260	C024
C260	C045
C260	C047
C260	C050
C260	C061
C260	C081
C260	C085
C260	C098
C260	C129
C260	C130
C260	C156
C260	C162
C260	C173
C260	C197
C260	C204
C260	C209
C260	C224
C260	C359
C260	C386
C260	C401
C260	C425
C260	C448
C260	C521
C260	C551
C260	C577
C260	C629
C260	C631
C260	C663
C260	C684
C260	C685
C260	C692
C260	C721
C260	C734
C260	C741
C260	C749
C261	C072
C261	C074
C261	C112
C261	C251
C261	C392
C261	C456
C261	C523
C261	C571
C263	C106
C263	C116
C263	C119
C263	C353
C263	C441
C263	C501
C263	C552
C263	C624
C263	C677
C264	C078
C264	C146
C264	C303
C264	C320
C264	C471
C264	C609
C264	C614
C264	C773
C267	C055
C267	C113
C267	C115
C267	C118
C267	C142
C267	C175
C267	C210
C267	C220
C267	C232
C267	C272
C267	C275
C267	C285
C267	C293
C267	C309
C267	C310
C267	C340
C267	C362
C267	C377
C267	C399
C267	C415
C267	C420
C267	C443
C267	C530
C267	C531
C267	C534
C267	C540
C267	C572
C267	C581
C267	C582
C267	C605
C267	C606
C267	C610
C267	C623
C267	C638
C267	C642
C267	C683
C267	C703
C267	C718
C267	C723
C267	C769
C267	C784
C267	C793
C270	C052
C270	C346
C270	C351
C270	C482
C270	C532
C270	C601
C270	C611
C270	C654
C270	C664
C270	C715
C271	C018
C271	C191
C271	C247
C271	C465
C271	C537
C271	C659
C272	C055
C272	C113
C272	C175
C272	C210
C272	C310
C272	C340
C272	C399
C272	C420
C272	C530
C272	C534
C272	C572
C272	C623
C272	C638
C272	C642
C272	C769
C272	C784
C273	C032
C273	C043
C273	C138
C273	C181
C273	C323
C273	C358
C273	C403
C273	C513
C273	C596
C273	C612
C273	C653
C273	C737
C274	C033
C274	C196
C274	C331
C274	C350
C274	C364
C274	C371
C274	C417
C274	C433
C274	C455
C274	C472
C274	C498
C274	C546
C274	C574
C274	C594
C274	C625
C274	C634
C274	C702
C274	C756
C274	C766
C274	C778
C275	C055
C275	C113
C275	C115
C275	C142
C275	C175
C275	C210
C275	C220
C275	C232
C275	C272
C275	C285
C275	C293
C275	C309
C275	C310
C275	C340
C275	C362
C275	C377
C275	C399
C275	C415
C275	C420
C275	C443
C275	C530
C275	C531
C275	C534
C275	C540
C275	C572
C275	C581
C275	C606
C275	C623
C275	C638
C275	C642
C275	C769
C275	C784
C275	C793
C278	C591
C281	C000
C281	C001
C281	C002
C281	C003
C281	C004
C281	C005
C281	C006
C281	C007
C281	C008
C281	C009
C281	C010
C281	C011
C281	C012
C281	C013
C281	C014
C281	C015
C281	C016
C281	C017
C281	C018
C281	C019
C281	C020
C281	C021
C281	C022
C281	C023
C281	C024
C281	C025
C281	C026
C281	C027
C281	C028
C281	C029
C281	C030
C281	C031
C281	C032
C281	C033
C281	C034
C281	C035
C281	C036
C281	C037
C281	C038
C281	C039
C281	C040
C281	C041
C281	C042
C281	C043
C281	C044
C281	C045
C281	C046
C281	C047
C281	C048
C281	C049
C281	C050
C281	C051
C281	C052
C281	C053
C281	C054
C281	C055
C281	C056
C281	C057
C281	C058
C281	C059
C281	C060
C281	C061
C281	C062
C281	C063
C281	C064
C281	C065
C281	C066
C281	C067
C281	C068
C281	C069
C281	C070
C281	C071
C281	C072
C281	C073
C281	C074
C281	C075
C281	C076
C281	C077
C281	C078
C281	C079
C281	C080
C281	C081
C281	C082
C281	C083
C281	C084
C281	C085
C281	C086
C281	C087
C281	C088
C281	C089
C281	C090
C281	C091
C281	C092
C281	C093
C281	C094
C281	C095
C281	C096
C281	C097
C281	C098
C281	C099
C281	C100
C281	C101
C281	C102
C281	C103
C281	C104
C281	C105
C281	C106
C281	C107
C281	C108
C281	C109
C281	C110
C281	C111
C281	C112
C281	C113
C281	C114
C281	C115
C281	C116
C281	C117
C281	C118
C281	C119
C281	C120
C281	C121
C281	C122
C281	C123
C281	C124
C281	C125
C281	C126
C281	C127
C281	C128
C281	C129
C281	C130
C281	C131
C281	C132
C281	C133
C281	C134
C281	C135
C281	C136
C281	C137
C281	C138
C281	C139
C281	C140
C281	C141
C281	C142
C281	C143
C281	C144
C281	C145
C281	C146
C281	C147
C281	C148
C281	C149
C281	C150
C281	C151
C281	C152
C281	C153
C281	C154
C281	C155
C281	C156
C281	C157
C281	C158
C281	C159
C281	C160
C281	C161
C281	C162
C281	C163
C281	C164
C281	C165
C281	C166
C281	C167
C281	C168
C281	C169
C281	C170
C281	C171
C281	C172
C281	C173
C281	C174
C281	C175
C281	C176
C281	C177
C281	C178
C281	C179
C281	C180
C281	C181
C281	C182
C281	C183
C281	C184
C281	C185
C281	C186
C281	C187
C281	C188
C281	C189
C281	C190
C281	C191
C281	C192
C281	C193
C281	C194
C281	C195
C281	C196
C281	C197
C281	C198
C281	C199
C281	C200
C281	C201
C281	C202
C281	C203
C281	C204
C281	C205
C281	C206
C281	C207
C281	C208
C281	C209
C281	C210
C281	C211
C281	C212
C281	C213
C281	C214
C281	C215
C281	C216
C281	C217
C281	C218
C281	C219
C281	C220
C281	C221
C281	C222
C281	C223
C281	C224
C281	C225
C281	C226
C281	C227
C281	C228
C281	C229
C281	C230
C281	C231
C281	C232
C281	C233
C281	C234
C281	C235
C281	C236
C281	C237
C281	C238
C281	C239
C281	C240
C281	C241
C281	C242
C281	C243
C281	C244
C281	C245
C281	C246
C281	C247
C281	C248
C281	C249
C281	C250
C281	C251
C281	C252
C281	C253
C281	C254
C281	C255
C281	C256
C281	C257
C281	C258
C281	C259
C281	C260
C281	C261
C281	C262
C281	C263
C281	C264
C281	C265
C281	C266
C281	C267
C281	C268
C281	C269
C281	C270
C281	C271
C281	C272
C281	C273
C281	C274
C281	C275
C281	C276
C281	C277
C281	C278
C281	C279
C281	C280
C281	C282
C281	C283
C281	C284
C281	C285
C281	C286
C281	C287
C281	C288
C281	C289
C281	C290
C281	C291
C281	C292
C281	C293
C281	C294
C281	C295
C281	C296
C281	C297
C281	C298
C281	C299
C281	C300
C281	C301
C281	C302
C281	C303
C281	C304
C281	C305
C281	C306
C281	C307
C281	C308
C281	C309
C281	C310
C281	C311
C281	C312
C281	C313
C281	C314
C281	C315
C281	C316
C281	C317
C281	C318
C281	C319
C281	C320
C281	C321
C281	C322
C281	C323
C281	C324
C281	C325
C281	C326
C281	C327
C281	C328
C281	C329
C281	C330
C281	C331
C281	C332
C281	C333
C281	C334
C281	C335
C281	C336
C281	C337
C281	C338
C281	C339
C281	C340
C281	C341
C281	C342
C281	C343
C281	C344
C281	C345
C281	C346
C281	C347
C281	C348
C281	C349
C281	C350
C281	C351
C281	C352
C281	C353
C281	C354
C281	C355
C281	C356
C281	C357
C281	C358
C281	C359
C281	C360
C281	C361
C281	C362
C281	C363
C281	C364
C281	C365
C281	C366
C281	C367
C281	C368
C281	C369
C281	C370
C281	C371
C281	C372
C281	C373
C281	C374
C281	C375
C281	C376
C281	C377
C281	C378
C281	C379
C281	C380
C281	C381
C281	C382
C281	C383
C281	C384
C281	C385
C281	C386
C281	C387
C281	C388
C281	C389
C281	C390
C281	C391
C281	C392
C281	C393
C281	C394
C281	C395
C281	C396
C281	C397
C281	C398
C281	C399
C281	C400
C281	C401
C281	C402
C281	C403
C281	C404
C281	C405
C281	C406
C281	C407
C281	C408
C281	C409
C281	C410
C281	C411
C281	C412
C281	C413
C281	C414
C281	C415
C281	C416
C281	C417
C281	C418
C281	C419
C281	C420
C281	C421
C281	C422
C281	C423
C281	C424
C281	C425
C281	C426
C281	C427
C281	C428
C281	C429
C281	C430
C281	C431
C281	C432
C281	C433
C281	C434
C281	C435
C281	C436
C281	C437
C281	C438
C281	C439
C281	C440
C281	C441
C281	C442
C281	C443
C281	C444
C281	C445
C281	C446
C281	C447
C281	C448
C281	C449
C281	C450
C281	C451
C281	C452
C281	C453
C281	C454
C281	C455
C281	C456
C281	C457
C281	C458
C281	C459
C281	C460
C281	C461
C281	C462
C281	C463
C281	C464
C281	C465
C281	C466
C281	C467
C281	C468
C281	C469
C281	C470
C281	C471
C281	C472
C281	C473
C281	C474
C281	C475
C281	C476
C281	C477
C281	C478
C281	C479
C281	C480
C281	C481
C281	C482
C281	C483
C281	C484
C281	C485
C281	C486
C281	C487
C281	C488
C281	C489
C281	C490
C281	C491
C281	C492
C281	C493
C281	C494
C281	C495
C281	C496
C281	C497
C281	C498
C281	C499
C281	C500
C281	C501
C281	C502
C281	C503
C281	C504
C281	C505
C281	C506
C281	C507
C281	C508
C281	C509
C281	C510
C281	C511
C281	C512
C281	C513
C281	C514
C281	C515
C281	C516
C281	C517
C281	C518
C281	C519
C281	C520
C281	C521
C281	C522
C281	C523
C281	C524
C281	C525
C281	C526
C281	C527
C281	C528
C281	C529
C281	C530
C281	C531
C281	C532
C281	C533
C281	C534
C281	C535
C281	C536
C281	C537
C281	C538
C281	C539
C281	C540
C281	C541
C281	C542
C281	C543
C281	C544
C281	C545
C281	C546
C281	C547
C281	C548
C281	C549
C281	C550
C281	C551
C281	C552
C281	C553
C281	C554
C281	C555
C281	C556
C281	C557
C281	C558
C281	C559
C281	C560
C281	C561
C281	C562
C281	C563
C281	C564
C281	C565
C281	C566
C281	C567
C281	C568
C281	C569
C281	C570
C281	C571
C281	C572
C281	C573
C281	C574
C281	C575
C281	C576
C281	C577
C281	C578
C281	C579
C281	C580
C281	C581
C281	C582
C281	C583
C281	C584
C281	C585
C281	C586
C281	C587
C281	C588
C281	C589
C281	C590
C281	C591
C281	C592
C281	C593
C281	C594
C281	C595
C281	C596
C281	C597
C281	C598
C281	C599
C281	C600
C281	C601
C281	C602
C281	C603
C281	C604
C281	C605
C281	C606
C281	C607
C281	C608
C281	C609
C281	C610
C281	C611
C281	C612
C281	C613
C281	C614
C281	C615
C281	C616
C281	C617
C281	C618
C281	C619
C281	C620
C281	C621
C281	C622
C281	C623
C281	C624
C281	C625
C281	C626
C281	C627
C281	C628
C281	C629
C281	C630
C281	C631
C281	C632
C281	C633
C281	C634
C281	C635
C281	C636
C281	C637
C281	C638
C281	C639
C281	C640
C281	C641
C281	C642
C281	C643
C281	C644
C281	C645
C281	C646
C281	C647
C281	C648
C281	C649
C281	C650
C281	C651
C281	C652
C281	C653
C281	C654
C281	C655
C281	C656
C281	C657
C281	C658
C281	C659
C281	C660
C281	C661
C281	C662
C281	C663
C281	C664
C281	C665
C281	C666
C281	C667
C281	C668
C281	C669
C281	C670
C281	C671
C281	C672
C281	C673
C281	C674
C281	C675
C281	C676
C281	C677
C281	C678
C281	C679
C281	C680
C281	C681
C281	C682
C281	C683
C281	C684
C281	C685
C281	C686
C281	C687
C281	C688
C281	C689
C281	C690
C281	C691
C281	C692
C281	C693
C281	C694
C281	C695
C281	C696
C281	C697
C281	C698
C281	C699
C281	C700
C281	C701
C281	C702
C281	C703
C281	C704
C281	C705
C281	C706
C281	C707
C281	C708
C281	C709
C281	C710
C281	C711
C281	C712
C281	C713
C281	C714
C281	C715
C281	C716
C281	C717
C281	C718
C281	C719
C281	C720
C281	C721
C281	C722
C281	C723
C281	C724
C281	C725
C281	C726
C281	C727
C281	C728
C281	C729
C281	C730
C281	C731
C281	C732
C281	C733
C281	C734
C281	C735
C281	C736
C281	C737
C281	C738
C281	C739
C281	C740
C281	C741
C281	C742
C281	C743
C281	C744
C281	C745
C281	C746
C281	C747
C281	C748
C281	C749
C281	C750
C281	C751
C281	C752
C281	C753
C281	C754
C281	C755
C281	C756
C281	C757
C281	C758
C281	C759
C281	C760
C281	C761
C281	C762
C281	C763
C281	C764
C281	C765
C281	C766
C281	C767
C281	C768
C281	C769
C281	C770
C281	C771
C281	C772
C281	C773
C281	C774
C281	C775
C281	C776
C281	C777
C281	C778
C281	C779
C281	C780
C281	C781
C281	C782
C281	C783
C281	C784
C281	C785
C281	C786
C281	C787
C281	C788
C281	C789
C281	C790
C281	C791
C281	C792
C281	C793
C281	C794
C281	C795
C281	C796
C281	C797
C281	C798
C281	C799
C285	C055
C285	C113
C285	C115
C285	C142
C285	C175
C285	C210
C285	C220
C285	C232
C285	C272
C285	C275
C285	C293
C285	C309
C285	C310
C285	C340
C285	C362
C285	C377
C285	C399
C285	C415
C285	C420
C285	C443
C285	C530
C285	C531
C285	C534
C285	C540
C285	C572
C285	C581
C285	C606
C285	C623
C285	C638
C285	C642
C285	C769
C285	C784
C285	C793
C286	C000
C286	C012
C286	C016
C286	C019
C286	C024
C286	C045
C286	C047
C286	C050
C286	C061
C286	C081
C286	C085
C286	C098
C286	C129
C286	C130
C286	C153
C286	C156
C286	C162
C286	C164
C286	C173
C286	C197
C286	C204
C286	C209
C286	C224
C286	C238
C286	C244
C286	C260
C286	C359
C286	C386
C286	C396
C286	C401
C286	C425
C286	C428
C286	C431
C286	C448
C286	C469
C286	C517
C286	C521
C286	C549
C286	C551
C286	C577
C286	C597
C286	C629
C286	C631
C286	C663
C286	C684
C286	C685
C286	C692
C286	C721
C286	C734
C286	C741
C286	C749
C286	C757
C287	C062
C287	C094
C287	C133
C287	C278
C287	C404
C287	C557
C287	C591
C287	C617
C287	C779
C291	C032
C291	C043
C291	C138
C291	C181
C291	C273
C291	C323
C291	C358
C291	C403
C291	C513
C291	C596
C291	C612
C291	C653
C291	C737
C293	C055
C293	C113
C293	C115
C293	C142
C293	C175
C293	C210
C293	C220
C293	C232
C293	C272
C293	C275
C293	C285
C293	C309
C293	C310
C293	C340
C293	C362
C293	C377
C293	C399
C293	C415
C293	C420
C293	C443
C293	C530
C293	C531
C293	C534
C293	C540
C293	C572
C293	C581
C293	C606
C293	C623
C293	C638
C293	C642
C293	C769
C293	C784
C293	C793
C294	C000
C294	C012
C294	C016
C294	C019
C294	C022
C294	C024
C294	C045
C294	C047
C294	C050
C294	C061
C294	C081
C294	C085
C294	C098
C294	C105
C294	C114
C294	C129
C294	C130
C294	C153
C294	C156
C294	C162
C294	C164
C294	C173
C294	C197
C294	C204
C294	C209
C294	C224
C294	C238
C294	C244
C294	C260
C294	C286
C294	C359
C294	C368
C294	C386
C294	C396
C294	C401
C294	C425
C294	C428
C294	C431
C294	C448
C294	C469
C294	C517
C294	C521
C294	C549
C294	C551
C294	C576
C294	C577
C294	C585
C294	C597
C294	C629
C294	C631
C294	C663
C294	C675
C294	C684
C294	C685
C294	C692
C294	C721
C294	C731
C294	C734
C294	C741
C294	C749
C294	C750
C294	C757
C297	C003
C297	C006
C297	C041
C297	C335
C297	C361
C297	C363
C297	C508
C297	C515
C297	C655
C297	C690
C297	C724
C297	C785
C297	C791
C298	C086
C298	C397
C298	C480
C301	C026
C301	C089
C301	C160
C301	C168
C301	C235
C301	C491
C301	C506
C301	C563
C301	C603
C301	C620
C301	C641
C301	C780
C303	C078
C303	C146
C303	C264
C303	C320
C303	C471
C303	C609
C303	C614
C303	C773
C309	C055
C309	C113
C309	C175
C309	C210
C309	C272
C309	C310
C309	C340
C309	C399
C309	C420
C309	C530
C309	C534
C309	C572
C309	C623
C309	C638
C309	C642
C309	C769
C309	C784
C310	C055
C310	C113
C310	C175
C310	C210
C310	C272
C310	C340
C310	C399
C310	C420
C310	C530
C310	C534
C310	C572
C310	C623
C310	C638
C310	C642
C310	C769
C310	C784
C313	C010
C313	C018
C313	C025
C313	C031
C313	C038
C313	C065
C313	C140
C313	C190
C313	C191
C313	C199
C313	C222
C313	C237
C313	C247
C313	C271
C313	C385
C313	C418
C313	C436
C313	C437
C313	C465
C313	C525
C313	C537
C313	C593
C313	C659
C313	C714
C317	C390
C317	C494
C317	C658
C317	C673
C317	C676
C317	C796
C320	C078
C320	C146
C320	C264
C320	C303
C320	C471
C320	C609
C320	C614
C320	C773
C323	C032
C323	C043
C323	C138
C323	C181
C323	C273
C323	C358
C323	C403
C323	C513
C323	C596
C323	C612
C323	C653
C323	C737
C324	C021
C324	C033
C324	C125
C324	C166
C324	C196
C324	C200
C324	C274
C324	C331
C324	C344
C324	C350
C324	C364
C324	C365
C324	C371
C324	C417
C324	C433
C324	C444
C324	C455
C324	C462
C324	C463
C324	C472
C324	C498
C324	C546
C324	C574
C324	C594
C324	C625
C324	C634
C324	C645
C324	C702
C324	C725
C324	C756
C324	C766
C324	C778
C327	C394
C327	C414
C330	C002
C330	C097
C330	C379
C330	C408
C330	C470
C330	C479
C330	C509
C330	C514
C330	C686
C330	C698
C330	C745
C330	C758
C330	C767
C330	C782
C330	C789
C331	C033
C331	C196
C331	C274
C331	C350
C331	C364
C331	C371
C331	C417
C331	C433
C331	C455
C331	C472
C331	C498
C331	C546
C331	C574
C331	C594
C331	C625
C331	C634
C331	C702
C331	C756
C331	C766
C331	C778
C332	C049
C332	C051
C332	C075
C332	C123
C332	C128
C332	C348
C332	C393
C332	C398
C332	C446
C332	C533
C332	C550
C332	C562
C332	C622
C332	C635
C332	C694
C332	C720
C332	C759
C332	C788
C333	C046
C333	C167
C333	C341
C333	C616
C333	C743
C335	C003
C335	C006
C335	C041
C335	C297
C335	C361
C335	C363
C335	C508
C335	C515
C335	C655
C335	C690
C335	C724
C335	C785
C335	C791
C336	C584
C336	C589
C340	C055
C340	C113
C340	C175
C340	C210
C340	C272
C340	C310
C340	C399
C340	C420
C340	C530
C340	C534
C340	C572
C340	C623
C340	C638
C340	C642
C340	C769
C340	C784
C341	C046
C341	C167
C341	C333
C341	C616
C341	C743
C344	C021
C344	C033
C344	C125
C344	C166
C344	C196
C344	C200
C344	C274
C344	C324
C344	C331
C344	C350
C344	C364
C344	C365
C344	C371
C344	C417
C344	C433
C344	C444
C344	C455
C344	C462
C344	C463
C344	C472
C344	C498
C344	C546
C344	C574
C344	C594
C344	C625
C344	C634
C344	C645
C344	C702
C344	C725
C344	C756
C344	C766
C344	C778
C346	C052
C346	C270
C346	C351
C346	C482
C346	C532
C346	C601
C346	C611
C346	C654
C346	C664
C346	C715
C348	C550
C348	C562
C348	C694
C348	C720
C348	C759
C349	C003
C349	C006
C349	C041
C349	C048
C349	C108
C349	C110
C349	C227
C349	C254
C349	C257
C349	C297
C349	C335
C349	C357
C349	C361
C349	C363
C349	C381
C349	C407
C349	C508
C349	C515
C349	C528
C349	C655
C349	C690
C349	C710
C349	C724
C349	C776
C349	C785
C349	C791
C349	C797
C349	C799
C350	C033
C350	C196
C350	C371
C350	C417
C350	C433
C350	C472
C350	C498
C350	C546
C350	C574
C350	C625
C350	C634
C350	C702
C350	C756
C350	C766
C350	C778
C351	C052
C351	C270
C351	C346
C351	C482
C351	C532
C351	C601
C351	C611
C351	C654
C351	C664
C351	C715
C353	C106
C353	C116
C353	C119
C353	C441
C353	C501
C353	C552
C353	C624
C353	C677
C355	C327
C355	C394
C355	C414
C357	C003
C357	C006
C357	C041
C357	C048
C357	C108
C357	C110
C357	C227
C357	C254
C357	C257
C357	C297
C357	C335
C357	C349
C357	C361
C357	C363
C357	C381
C357	C407
C357	C508
C357	C515
C357	C528
C357	C655
C357	C690
C357	C710
C357	C724
C357	C776
C357	C785
C357	C791
C357	C797
C357	C799
C358	C032
C358	C043
C358	C138
C358	C181
C358	C273
C358	C323
C358	C403
C358	C513
C358	C596
C358	C612
C358	C653
C358	C737
C359	C000
C359	C012
C359	C024
C359	C045
C359	C047
C359	C050
C359	C061
C359	C081
C359	C085
C359	C098
C359	C129
C359	C130
C359	C156
C359	C162
C359	C173
C359	C197
C359	C204
C359	C209
C359	C224
C359	C260
C359	C386
C359	C401
C359	C425
C359	C448
C359	C521
C359	C551
C359	C577
C359	C629
C359	C631
C359	C663
C359	C684
C359	C685
C359	C692
C359	C721
C359	C734
C359	C741
C359	C749
C360	C028
C360	C058
C360	C080
C360	C369
C360	C447
C360	C484
C360	C492
C360	C583
C360	C711
C360	C738
C361	C003
C361	C006
C361	C041
C361	C297
C361	C335
C361	C363
C361	C508
C361	C515
C361	C655
C361	C690
C361	C724
C361	C785
C361	C791
C362	C055
C362	C113
C362	C115
C362	C142
C362	C175
C362	C210
C362	C220
C362	C232
C362	C272
C362	C275
C362	C285
C362	C293
C362	C309
C362	C310
C362	C340
C362	C377
C362	C399
C362	C415
C362	C420
C362	C443
C362	C530
C362	C531
C362	C534
C362	C540
C362	C572
C362	C581
C362	C606
C362	C623
C362	C638
C362	C642
C362	C769
C362	C784
C362	C793
C363	C003
C363	C006
C363	C041
C363	C297
C363	C335
C363	C361
C363	C508
C363	C515
C363	C655
C363	C690
C363	C724
C363	C785
C363	C791
C364	C033
C364	C196
C364	C274
C364	C331
C364	C350
C364	C371
C364	C417
C364	C433
C364	C455
C364	C472
C364	C498
C364	C546
C364	C574
C364	C594
C364	C625
C364	C634
C364	C702
C364	C756
C364	C766
C364	C778
C365	C021
C365	C033
C365	C125
C365	C166
C365	C196
C365	C200
C365	C274
C365	C324
C365	C331
C365	C344
C365	C350
C365	C364
C365	C371
C365	C417
C365	C433
C365	C444
C365	C455
C365	C462
C365	C463
C365	C472
C365	C498
C365	C546
C365	C574
C365	C594
C365	C625
C365	C634
C365	C645
C365	C702
C365	C725
C365	C756
C365	C766
C365	C778
C366	C255
C366	C543
C366	C713
C366	C740
C368	C000
C368	C012
C368	C016
C368	C019
C368	C022
C368	C024
C368	C045
C368	C047
C368	C050
C368	C061
C368	C081
C368	C085
C368	C098
C368	C105
C368	C114
C368	C129
C368	C130
C368	C153
C368	C156
C368	C162
C368	C164
C368	C173
C368	C197
C368	C204
C368	C209
C368	C224
C368	C238
C368	C244
C368	C260
C368	C286
C368	C294
C368	C359
C368	C386
C368	C396
C368	C401
C368	C425
C368	C428
C368	C431
C368	C448
C368	C469
C368	C517
C368	C521
C368	C549
C368	C551
C368	C576
C368	C577
C368	C585
C368	C597
C368	C629
C368	C631
C368	C663
C368	C675
C368	C684
C368	C685
C368	C692
C368	C721
C368	C731
C368	C734
C368	C741
C368	C749
C368	C750
C368	C757
C369	C028
C369	C058
C369	C080
C369	C447
C369	C484
C369	C492
C369	C583
C369	C711
C369	C738
C371	C033
C371	C196
C371	C350
C371	C417
C371	C433
C371	C472
C371	C498
C371	C546
C371	C574
C371	C625
C371	C634
C371	C702
C371	C756
C371	C766
C371	C778
C372	C071
C372	C203
C372	C212
C372	C430
C372	C460
C372	C707
C377	C055
C377	C113
C377	C115
C377	C142
C377	C175
C377	C210
C377	C220
C377	C232
C377	C272
C377	C275
C377	C285
C377	C293
C377	C309
C377	C310
C377	C340
C377	C362
C377	C399
C377	C415
C377	C420
C377	C443
C377	C530
C377	C531
C377	C534
C377	C540
C377	C572
C377	C581
C377	C606
C377	C623
C377	C638
C377	C642
C377	C769
C377	C784
C377	C793
C379	C002
C379	C097
C379	C330
C379	C408
C379	C470
C379	C479
C379	C509
C379	C514
C379	C686
C379	C698
C379	C745
C379	C758
C379	C767
C379	C782
C379	C789
C381	C003
C381	C006
C381	C041
C381	C048
C381	C108
C381	C110
C381	C227
C381	C254
C381	C257
C381	C297
C381	C335
C381	C349
C381	C357
C381	C361
C381	C363
C381	C407
C381	C508
C381	C515
C381	C528
C381	C655
C381	C690
C381	C710
C381	C724
C381	C776
C381	C785
C381	C791
C381	C797
C381	C799
C383	C010
C383	C018
C383	C025
C383	C031
C383	C038
C383	C065
C383	C124
C383	C140
C383	C190
C383	C191
C383	C199
C383	C222
C383	C237
C383	C247
C383	C271
C383	C313
C383	C384
C383	C385
C383	C418
C383	C436
C383	C437
C383	C465
C383	C466
C383	C525
C383	C537
C383	C556
C383	C593
C383	C659
C383	C714
C383	C728
C384	C010
C384	C018
C384	C025
C384	C031
C384	C038
C384	C065
C384	C124
C384	C140
C384	C190
C384	C191
C384	C199
C384	C222
C384	C237
C384	C247
C384	C271
C384	C313
C384	C383
C384	C385
C384	C418
C384	C436
C384	C437
C384	C465
C384	C466
C384	C525
C384	C537
C384	C556
C384	C593
C384	C659
C384	C714
C384	C728
C385	C010
C385	C018
C385	C025
C385	C031
C385	C038
C385	C065
C385	C140
C385	C190
C385	C191
C385	C199
C385	C222
C385	C237
C385	C247
C385	C271
C385	C313
C385	C418
C385	C436
C385	C437
C385	C465
C385	C525
C385	C537
C385	C593
C385	C659
C385	C714
C386	C000
C386	C012
C386	C024
C386	C045
C386	C047
C386	C050
C386	C061
C386	C081
C386	C085
C386	C098
C386	C129
C386	C130
C386	C156
C386	C162
C386	C173
C386	C197
C386	C204
C386	C209
C386	C224
C386	C260
C386	C359
C386	C401
C386	C425
C386	C448
C386	C521
C386	C551
C386	C577
C386	C629
C386	C631
C386	C663
C386	C684
C386	C685
C386	C692
C386	C721
C386	C734
C386	C741
C386	C749
C387	C427
C387	C754
C390	C317
C390	C494
C390	C658
C390	C673
C390	C676
C390	C796
C391	C073
C391	C151
C391	C256
C391	C496
C391	C539
C391	C651
C391	C701
C392	C072
C392	C074
C392	C112
C392	C251
C392	C261
C392	C456
C392	C523
C392	C571
C393	C049
C393	C051
C393	C075
C393	C123
C393	C128
C393	C332
C393	C348
C393	C398
C393	C446
C393	C533
C393	C550
C393	C562
C393	C622
C393	C635
C393	C694
C393	C720
C393	C759
C393	C788
C394	C327
C394	C414
C395	C049
C395	C051
C395	C075
C395	C082
C395	C123
C395	C126
C395	C128
C395	C332
C395	C348
C395	C393
C395	C398
C395	C438
C395	C446
C395	C507
C395	C533
C395	C550
C395	C562
C395	C573
C395	C600
C395	C622
C395	C635
C395	C694
C395	C720
C395	C730
C395	C759
C395	C788
C396	C000
C396	C012
C396	C016
C396	C019
C396	C024
C396	C045
C396	C047
C396	C050
C396	C061
C396	C081
C396	C085
C396	C098
C396	C129
C396	C130
C396	C153
C396	C156
C396	C162
C396	C164
C396	C173
C396	C197
C396	C204
C396	C209
C396	C224
C396	C238
C396	C244
C396	C260
C396	C286
C396	C359
C396	C386
C396	C401
C396	C425
C396	C428
C396	C431
C396	C448
C396	C469
C396	C517
C396	C521
C396	C549
C396	C551
C396	C577
C396	C597
C396	C629
C396	C631
C396	C663
C396	C684
C396	C685
C396	C692
C396	C721
C396	C734
C396	C741
C396	C749
C396	C757
C397	C086
C397	C298
C397	C480
C398	C049
C398	C051
C398	C075
C398	C123
C398	C128
C398	C332
C398	C348
C398	C393
C398	C446
C398	C533
C398	C550
C398	C562
C398	C622
C398	C635
C398	C694
C398	C720
C398	C759
C398	C788
C399	C055
C399	C113
C399	C175
C399	C210
C399	C272
C399	C310
C399	C340
C399	C420
C399	C530
C399	C534
C399	C572
C399	C623
C399	C638
C399	C642
C399	C769
C399	C784
C401	C000
C401	C012
C401	C024
C401	C045
C401	C047
C401	C050
C401	C061
C401	C081
C401	C085
C401	C098
C401	C129
C401	C130
C401	C156
C401	C162
C401	C173
C401	C197
C401	C204
C401	C209
C401	C224
C401	C260
C401	C359
C401	C386
C401	C425
C401	C448
C401	C521
C401	C551
C401	C577
C401	C629
C401	C631
C401	C663
C401	C684
C401	C685
C401	C692
C401	C721
C401	C734
C401	C741
C401	C749
C403	C032
C403	C043
C403	C138
C403	C181
C403	C273
C403	C323
C403	C358
C403	C513
C403	C596
C403	C612
C403	C653
C403	C737
C404	C062
C404	C094
C404	C133
C404	C278
C404	C557
C404	C591
C404	C617
C404	C779
C407	C003
C407	C006
C407	C041
C407	C048
C407	C108
C407	C110
C407	C227
C407	C254
C407	C257
C407	C297
C407	C335
C407	C349
C407	C357
C407	C361
C407	C363
C407	C381
C407	C508
C407	C515
C407	C528
C407	C655
C407	C690
C407	C710
C407	C724
C407	C776
C407	C785
C407	C791
C407	C797
C407	C799
C408	C002
C408	C097
C408	C330
C408	C379
C408	C470
C408	C479
C408	C509
C408	C514
C408	C686
C408	C698
C408	C745
C408	C758
C408	C767
C408	C782
C408	C789
C414	C327
C414	C394
C415	C055
C415	C113
C415	C115
C415	C142
C415	C175
C415	C210
C415	C220
C415	C232
C415	C272
C415	C275
C415	C285
C415	C293
C415	C309
C415	C310
C415	C340
C415	C362
C415	C377
C415	C399
C415	C420
C415	C443
C415	C530
C415	C531
C415	C534
C415	C540
C415	C572
C415	C581
C415	C606
C415	C623
C415	C638
C415	C642
C415	C769
C415	C784
C415	C793
C417	C033
C417	C196
C417	C350
C417	C371
C417	C433
C417	C472
C417	C498
C417	C546
C417	C574
C417	C625
C417	C634
C417	C702
C417	C756
C417	C766
C417	C778
C418	C010
C418	C018
C418	C025
C418	C031
C418	C038
C418	C065
C418	C140
C418	C190
C418	C191
C418	C199
C418	C222
C418	C237
C418	C247
C418	C271
C418	C313
C418	C385
C418	C436
C418	C437
C418	C465
C418	C525
C418	C537
C418	C593
C418	C659
C418	C714
C420	C055
C420	C113
C420	C175
C420	C210
C420	C272
C420	C310
C420	C340
C420	C399
C420	C530
C420	C534
C420	C572
C420	C623
C420	C638
C420	C642
C420	C769
C420	C784
C422	C314
C425	C000
C425	C061
C425	C085
C425	C130
C425	C162
C425	C577
C425	C749
C427	C387
C427	C754
C428	C000
C428	C012
C428	C016
C428	C019
C428	C024
C428	C045
C428	C047
C428	C050
C428	C061
C428	C081
C428	C085
C428	C098
C428	C129
C428	C130
C428	C153
C428	C156
C428	C162
C428	C164
C428	C173
C428	C197
C428	C204
C428	C209
C428	C224
C428	C238
C428	C244
C428	C260
C428	C286
C428	C359
C428	C386
C428	C396
C428	C401
C428	C425
C428	C431
C428	C448
C428	C469
C428	C517
C428	C521
C428	C549
C428	C551
C428	C577
C428	C597
C428	C629
C428	C631
C428	C663
C428	C684
C428	C685
C428	C692
C428	C721
C428	C734
C428	C741
C428	C749
C428	C757
C430	C071
C430	C203
C430	C212
C430	C372
C430	C460
C430	C707
C431	C000
C431	C012
C431	C016
C431	C019
C431	C024
C431	C045
C431	C047
C431	C050
C431	C061
C431	C081
C431	C085
C431	C098
C431	C129
C431	C130
C431	C153
C431	C156
C431	C162
C431	C164
C431	C173
C431	C197
C431	C204
C431	C209
C431	C224
C431	C238
C431	C244
C431	C260
C431	C286
C431	C359
C431	C386
C431	C396
C431	C401
C431	C425
C431	C428
C431	C448
C431	C469
C431	C517
C431	C521
C431	C549
C431	C551
C431	C577
C431	C597
C431	C629
C431	C631
C431	C663
C431	C684
C431	C685
C431	C692
C431	C721
C431	C734
C431	C741
C431	C749
C431	C757
C433	C033
C433	C196
C433	C350
C433	C371
C433	C417
C433	C472
C433	C498
C433	C546
C433	C574
C433	C625
C433	C634
C433	C702
C433	C756
C433	C766
C433	C778
C435	C002
C435	C097
C435	C330
C435	C379
C435	C408
C435	C470
C435	C479
C435	C509
C435	C514
C435	C686
C435	C698
C435	C745
C435	C758
C435	C767
C435	C782
C435	C789
C436	C010
C436	C018
C436	C025
C436	C031
C436	C038
C436	C065
C436	C140
C436	C190
C436	C191
C436	C199
C436	C222
C436	C237
C436	C247
C436	C271
C436	C313
C436	C385
C436	C418
C436	C437
C436	C465
C436	C525
C436	C537
C436	C593
C436	C659
C436	C714
C437	C010
C437	C018
C437	C025
C437	C031
C437	C038
C437	C065
C437	C140
C437	C190
C437	C191
C437	C199
C437	C222
C437	C237
C437	C247
C437	C271
C437	C313
C437	C385
C437	C418
C437	C436
C437	C465
C437	C525
C437	C537
C437	C593
C437	C659
C437	C714
C438	C049
C438	C051
C438	C075
C438	C082
C438	C123
C438	C126
C438	C128
C438	C332
C438	C348
C438	C393
C438	C395
C438	C398
C438	C446
C438	C507
C438	C533
C438	C550
C438	C562
C438	C573
C438	C600
C438	C622
C438	C635
C438	C694
C438	C720
C438	C730
C438	C759
C438	C788
C441	C106
C441	C116
C441	C119
C441	C353
C441	C501
C441	C552
C441	C624
C441	C677
C443	C055
C443	C113
C443	C115
C443	C142
C443	C175
C443	C210
C443	C220
C443	C232
C443	C272
C443	C275
C443	C285
C443	C293
C443	C309
C443	C310
C443	C340
C443	C362
C443	C377
C443	C399
C443	C415
C443	C420
C443	C530
C443	C531
C443	C534
C443	C540
C443	C572
C443	C581
C443	C606
C443	C623
C443	C638
C443	C642
C443	C769
C443	C784
C443	C793
C444	C021
C444	C033
C444	C125
C444	C166
C444	C196
C444	C200
C444	C274
C444	C324
C444	C331
C444	C344
C444	C350
C444	C364
C444	C365
C444	C371
C444	C417
C444	C433
C444	C455
C444	C462
C444	C463
C444	C472
C444	C498
C444	C546
C444	C574
C444	C594
C444	C625
C444	C634
C444	C645
C444	C702
C444	C725
C444	C756
C444	C766
C444	C778
C446	C049
C446	C051
C446	C075
C446	C123
C446	C128
C446	C332
C446	C348
C446	C393
C446	C398
C446	C533
C446	C550
C446	C562
C446	C622
C446	C635
C446	C694
C446	C720
C446	C759
C446	C788
C447	C028
C447	C058
C447	C080
C447	C369
C447	C484
C447	C492
C447	C583
C447	C711
C447	C738
C448	C000
C448	C012
C448	C024
C448	C045
C448	C047
C448	C050
C448	C061
C448	C081
C448	C085
C448	C098
C448	C129
C448	C130
C448	C156
C448	C162
C448	C173
C448	C197
C448	C204
C448	C209
C448	C224
C448	C260
C448	C359
C448	C386
C448	C401
C448	C425
C448	C521
C448	C551
C448	C577
C448	C629
C448	C631
C448	C663
C448	C684
C448	C685
C448	C692
C448	C721
C448	C734
C448	C741
C448	C749
C455	C033
C455	C196
C455	C274
C455	C331
C455	C350
C455	C364
C455	C371
C455	C417
C455	C433
C455	C472
C455	C498
C455	C546
C455	C574
C455	C594
C455	C625
C455	C634
C455	C702
C455	C756
C455	C766
C455	C778
C456	C072
C456	C074
C456	C112
C456	C251
C456	C261
C456	C392
C456	C523
C456	C571
C458	C008
C458	C049
C458	C051
C458	C075
C458	C082
C458	C123
C458	C126
C458	C128
C458	C207
C458	C217
C458	C248
C458	C332
C458	C348
C458	C393
C458	C395
C458	C398
C458	C438
C458	C446
C458	C507
C458	C533
C458	C550
C458	C562
C458	C573
C458	C600
C458	C622
C458	C635
C458	C694
C458	C720
C458	C730
C458	C759
C458	C774
C458	C788
C460	C071
C460	C203
C460	C212
C460	C372
C460	C430
C460	C707
C462	C021
C462	C033
C462	C125
C462	C166
C462	C196
C462	C200
C462	C274
C462	C324
C462	C331
C462	C344
C462	C350
C462	C364
C462	C365
C462	C371
C462	C417
C462	C433
C462	C444
C462	C455
C462	C463
C462	C472
C462	C498
C462	C546
C462	C574
C462	C594
C462	C625
C462	C634
C462	C645
C462	C702
C462	C725
C462	C756
C462	C766
C462	C778
C463	C021
C463	C033
C463	C125
C463	C166
C463	C196
C463	C200
C463	C274
C463	C324
C463	C331
C463	C344
C463	C350
C463	C364
C463	C365
C463	C371
C463	C417
C463	C433
C463	C444
C463	C455
C463	C462
C463	C472
C463	C498
C463	C546
C463	C574
C463	C594
C463	C625
C463	C634
C463	C645
C463	C702
C463	C725
C463	C756
C463	C766
C463	C778
C465	C018
C465	C191
C465	C247
C465	C271
C465	C537
C465	C659
C466	C010
C466	C018
C466	C025
C466	C031
C466	C038
C466	C065
C466	C124
C466	C140
C466	C190
C466	C191
C466	C199
C466	C222
C466	C237
C466	C247
C466	C271
C466	C313
C466	C383
C466	C384
C466	C385
C466	C418
C466	C436
C466	C437
C466	C465
C466	C525
C466	C537
C466	C556
C466	C593
C466	C659
C466	C714
C466	C728
C469	C000
C469	C012
C469	C016
C469	C019
C469	C024
C469	C045
C469	C047
C469	C050
C469	C061
C469	C081
C469	C085
C469	C098
C469	C129
C469	C130
C469	C153
C469	C156
C469	C162
C469	C164
C469	C173
C469	C197
C469	C204
C469	C209
C469	C224
C469	C238
C469	C244
C469	C260
C469	C286
C469	C359
C469	C386
C469	C396
C469	C401
C469	C425
C469	C428
C469	C431
C469	C448
C469	C517
C469	C521
C469	C549
C469	C551
C469	C577
C469	C597
C469	C629
C469	C631
C469	C663
C469	C684
C469	C685
C469	C692
C469	C721
C469	C734
C469	C741
C469	C749
C469	C757
C470	C002
C470	C097
C470	C330
C470	C379
C470	C408
C470	C479
C470	C509
C470	C514
C470	C686
C470	C698
C470	C745
C470	C758
C470	C767
C470	C782
C470	C789
C471	C078
C471	C146
C471	C264
C471	C303
C471	C320
C471	C609
C471	C614
C471	C773
C472	C033
C472	C196
C472	C350
C472	C371
C472	C417
C472	C433
C472	C498
C472	C546
C472	C574
C472	C625
C472	C634
C472	C702
C472	C756
C472	C766
C472	C778
C479	C002
C479	C097
C479	C330
C479	C379
C479	C408
C479	C470
C479	C509
C479	C514
C479	C686
C479	C698
C479	C745
C479	C758
C479	C767
C479	C782
C479	C789
C480	C086
C480	C298
C480	C397
C482	C052
C482	C270
C482	C346
C482	C351
C482	C532
C482	C601
C482	C611
C482	C654
C482	C664
C482	C715
C483	C071
C483	C203
C483	C212
C483	C372
C483	C430
C483	C460
C483	C707
C484	C028
C484	C058
C484	C080
C484	C369
C484	C447
C484	C492
C484	C583
C484	C711
C484	C738
C491	C026
C491	C089
C491	C160
C491	C168
C491	C235
C491	C301
C491	C506
C491	C563
C491	C603
C491	C620
C491	C641
C491	C780
C492	C028
C492	C058
C492	C080
C492	C369
C492	C447
C492	C484
C492	C583
C492	C711
C492	C738
C494	C317
C494	C390
C494	C658
C494	C673
C494	C676
C494	C796
C496	C073
C496	C151
C496	C256
C496	C539
C496	C651
C496	C701
C498	C033
C498	C196
C498	C350
C498	C371
C498	C417
C498	C433
C498	C472
C498	C546
C498	C574
C498	C625
C498	C634
C498	C702
C498	C756
C498	C766
C498	C778
C501	C106
C501	C116
C501	C119
C501	C353
C501	C441
C501	C552
C501	C624
C501	C677
C505	C009
C505	C052
C505	C258
C505	C270
C505	C346
C505	C351
C505	C482
C505	C532
C505	C561
C505	C601
C505	C611
C505	C644
C505	C654
C505	C664
C505	C715
C505	C775
C506	C026
C506	C089
C506	C160
C506	C168
C506	C235
C506	C301
C506	C491
C506	C563
C506	C603
C506	C620
C506	C641
C506	C780
C507	C049
C507	C051
C507	C075
C507	C082
C507	C123
C507	C126
C507	C128
C507	C332
C507	C348
C507	C393
C507	C395
C507	C398
C507	C438
C507	C446
C507	C533
C507	C550
C507	C562
C507	C573
C507	C600
C507	C622
C507	C635
C507	C694
C507	C720
C507	C730
C507	C759
C507	C788
C508	C791
C509	C002
C509	C097
C509	C330
C509	C379
C509	C408
C509	C470
C509	C479
C509	C514
C509	C686
C509	C698
C509	C745
C509	C758
C509	C767
C509	C782
C509	C789
C513	C032
C513	C043
C513	C138
C513	C181
C513	C273
C513	C323
C513	C358
C513	C403
C513	C596
C513	C612
C513	C653
C513	C737
C514	C002
C514	C097
C514	C330
C514	C379
C514	C408
C514	C470
C514	C479
C514	C509
C514	C686
C514	C698
C514	C745
C514	C758
C514	C767
C514	C782
C514	C789
C515	C003
C515	C006
C515	C041
C515	C297
C515	C335
C515	C361
C515	C363
C515	C508
C515	C655
C515	C690
C515	C724
C515	C785
C515	C791
C516	C009
C516	C052
C516	C076
C516	C145
C516	C149
C516	C202
C516	C258
C516	C270
C516	C346
C516	C351
C516	C482
C516	C505
C516	C532
C516	C561
C516	C598
C516	C601
C516	C611
C516	C644
C516	C654
C516	C656
C516	C664
C516	C715
C516	C747
C516	C775
C517	C000
C517	C012
C517	C016
C517	C019
C517	C024
C517	C045
C517	C047
C517	C050
C517	C061
C517	C081
C517	C085
C517	C098
C517	C129
C517	C130
C517	C153
C517	C156
C517	C162
C517	C164
C517	C173
C517	C197
C517	C204
C517	C209
C517	C224
C517	C238
C517	C244
C517	C260
C517	C286
C517	C359
C517	C386
C517	C396
C517	C401
C517	C425
C517	C428
C517	C431
C517	C448
C517	C469
C517	C521
C517	C549
C517	C551
C517	C577
C517	C597
C517	C629
C517	C631
C517	C663
C517	C684
C517	C685
C517	C692
C517	C721
C517	C734
C517	C741
C517	C749
C517	C757
C521	C000
C521	C012
C521	C024
C521	C045
C521	C047
C521	C050
C521	C061
C521	C081
C521	C085
C521	C098
C521	C129
C521	C130
C521	C156
C521	C162
C521	C173
C521	C197
C521	C204
C521	C209
C521	C224
C521	C260
C521	C359
C521	C386
C521	C401
C521	C425
C521	C448
C521	C551
C521	C577
C521	C629
C521	C631
C521	C663
C521	C684
C521	C685
C521	C692
C521	C721
C521	C734
C521	C741
C521	C749
C523	C072
C523	C251
C525	C010
C525	C018
C525	C025
C525	C031
C525	C038
C525	C065
C525	C140
C525	C190
C525	C191
C525	C199
C525	C222
C525	C237
C525	C247
C525	C271
C525	C313
C525	C385
C525	C418
C525	C436
C525	C437
C525	C465
C525	C537
C525	C593
C525	C659
C525	C714
C528	C003
C528	C006
C528	C041
C528	C048
C528	C108
C528	C110
C528	C227
C528	C254
C528	C257
C528	C297
C528	C335
C528	C349
C528	C357
C528	C361
C528	C363
C528	C381
C528	C407
C528	C508
C528	C515
C528	C655
C528	C690
C528	C710
C528	C724
C528	C776
C528	C785
C528	C791
C528	C797
C528	C799
C530	C055
C530	C113
C530	C175
C530	C210
C530	C272
C530	C310
C530	C340
C530	C399
C530	C420
C530	C534
C530	C572
C530	C623
C530	C638
C530	C642
C530	C769
C530	C784
C531	C055
C531	C113
C531	C115
C531	C142
C531	C175
C531	C210
C531	C220
C531	C232
C531	C272
C531	C275
C531	C285
C531	C293
C531	C309
C531	C310
C531	C340
C531	C362
C531	C377
C531	C399
C531	C415
C531	C420
C531	C443
C531	C530
C531	C534
C531	C540
C531	C572
C531	C581
C531	C606
C531	C623
C531	C638
C531	C642
C531	C769
C531	C784
C531	C793
C532	C052
C532	C270
C532	C346
C532	C351
C532	C482
C532	C601
C532	C611
C532	C654
C532	C664
C532	C715
C533	C049
C533	C051
C533	C075
C533	C123
C533	C128
C533	C332
C533	C348
C533	C393
C533	C398
C533	C446
C533	C550
C533	C562
C533	C622
C533	C635
C533	C694
C533	C720
C533	C759
C533	C788
C534	C055
C534	C113
C534	C175
C534	C210
C534	C272
C534	C310
C534	C340
C534	C399
C534	C420
C534	C530
C534	C572
C534	C623
C534	C638
C534	C642
C534	C769
C534	C784
C536	C072
C536	C074
C536	C112
C536	C251
C536	C261
C536	C392
C536	C456
C536	C523
C536	C571
C537	C018
C537	C191
C537	C247
C537	C271
C537	C465
C537	C659
C539	C073
C539	C151
C539	C256
C539	C496
C539	C651
C539	C701
C540	C055
C540	C113
C540	C115
C540	C142
C540	C175
C540	C210
C540	C220
C540	C232
C540	C272
C540	C275
C540	C285
C540	C293
C540	C309
C540	C310
C540	C340
C540	C362
C540	C377
C540	C399
C540	C415
C540	C420
C540	C443
C540	C530
C540	C531
C540	C534
C540	C572
C540	C581
C540	C606
C540	C623
C540	C638
C540	C642
C540	C769
C540	C784
C540	C793
C543	C255
C543	C713
C543	C740
C546	C033
C546	C196
C546	C350
C546	C371
C546	C417
C546	C433
C546	C472
C546	C498
C546	C574
C546	C625
C546	C634
C546	C702
C546	C756
C546	C766
C546	C778
C549	C000
C549	C012
C549	C016
C549	C019
C549	C024
C549	C045
C549	C047
C549	C050
C549	C061
C549	C081
C549	C085
C549	C098
C549	C129
C549	C130
C549	C153
C549	C156
C549	C162
C549	C164
C549	C173
C549	C197
C549	C204
C549	C209
C549	C224
C549	C238
C549	C244
C549	C260
C549	C286
C549	C359
C549	C386
C549	C396
C549	C401
C549	C425
C549	C428
C549	C431
C549	C448
C549	C469
C549	C517
C549	C521
C549	C551
C549	C577
C549	C597
C549	C629
C549	C631
C549	C663
C549	C684
C549	C685
C549	C692
C549	C721
C549	C734
C549	C741
C549	C749
C549	C757
C550	C348
C550	C562
C550	C694
C550	C720
C550	C759
C551	C000
C551	C012
C551	C024
C551	C045
C551	C047
C551	C050
C551	C061
C551	C081
C551	C085
C551	C098
C551	C129
C551	C130
C551	C156
C551	C162
C551	C173
C551	C197
C551	C204
C551	C209
C551	C224
C551	C260
C551	C359
C551	C386
C551	C401
C551	C425
C551	C448
C551	C521
C551	C577
C551	C629
C551	C631
C551	C663
C551	C684
C551	C685
C551	C692
C551	C721
C551	C734
C551	C741
C551	C749
C552	C106
C552	C116
C552	C119
C552	C353
C552	C441
C552	C501
C552	C624
C552	C677
C556	C010
C556	C018
C556	C025
C556	C031
C556	C038
C556	C065
C556	C124
C556	C140
C556	C190
C556	C191
C556	C199
C556	C222
C556	C237
C556	C247
C556	C271
C556	C313
C556	C383
C556	C384
C556	C385
C556	C418
C556	C436
C556	C437
C556	C465
C556	C466
C556	C525
C556	C537
C556	C593
C556	C659
C556	C714
C556	C728
C557	C062
C557	C094
C557	C133
C557	C278
C557	C404
C557	C591
C557	C617
C557	C779
C561	C052
C561	C258
C561	C270
C561	C346
C561	C351
C561	C482
C561	C532
C561	C601
C561	C611
C561	C644
C561	C654
C561	C664
C561	C715
C562	C348
C562	C550
C562	C694
C562	C720
C562	C759
C563	C026
C563	C089
C563	C160
C563	C168
C563	C235
C563	C301
C563	C491
C563	C506
C563	C603
C563	C620
C563	C641
C563	C780
C571	C072
C571	C074
C571	C112
C571	C251
C571	C261
C571	C392
C571	C456
C571	C523
C572	C055
C572	C113
C572	C175
C572	C210
C572	C272
C572	C310
C572	C340
C572	C399
C572	C420
C572	C530
C572	C534
C572	C623
C572	C638
C572	C642
C572	C769
C572	C784
C573	C049
C573	C051
C573	C075
C573	C082
C573	C123
C573	C126
C573	C128
C573	C332
C573	C348
C573	C393
C573	C395
C573	C398
C573	C438
C573	C446
C573	C507
C573	C533
C573	C550
C573	C562
C573	C600
C573	C622
C573	C635
C573	C694
C573	C720
C573	C730
C573	C759
C573	C788
C574	C033
C574	C196
C574	C350
C574	C371
C574	C417
C574	C433
C574	C472
C574	C498
C574	C546
C574	C625
C574	C634
C574	C702
C574	C756
C574	C766
C574	C778
C575	C003
C575	C006
C575	C041
C575	C048
C575	C108
C575	C110
C575	C227
C575	C254
C575	C257
C575	C297
C575	C335
C575	C349
C575	C357
C575	C361
C575	C363
C575	C381
C575	C407
C575	C508
C575	C515
C575	C528
C575	C655
C575	C690
C575	C710
C575	C724
C575	C776
C575	C785
C575	C791
C575	C797
C575	C799
C576	C000
C576	C012
C576	C016
C576	C019
C576	C022
C576	C024
C576	C045
C576	C047
C576	C050
C576	C061
C576	C081
C576	C085
C576	C098
C576	C105
C576	C114
C576	C129
C576	C130
C576	C153
C576	C156
C576	C162
C576	C164
C576	C173
C576	C197
C576	C204
C576	C209
C576	C224
C576	C238
C576	C244
C576	C260
C576	C286
C576	C294
C576	C359
C576	C368
C576	C386
C576	C396
C576	C401
C576	C425
C576	C428
C576	C431
C576	C448
C576	C469
C576	C517
C576	C521
C576	C549
C576	C551
C576	C577
C576	C585
C576	C597
C576	C629
C576	C631
C576	C663
C576	C675
C576	C684
C576	C685
C576	C692
C576	C721
C576	C731
C576	C734
C576	C741
C576	C749
C576	C750
C576	C757
C577	C000
C577	C061
C577	C085
C577	C130
C577	C162
C577	C425
C577	C749
C581	C055
C581	C113
C581	C115
C581	C142
C581	C175
C581	C210
C581	C220
C581	C232
C581	C272
C581	C275
C581	C285
C581	C293
C581	C309
C581	C310
C581	C340
C581	C362
C581	C377
C581	C399
C581	C415
C581	C420
C581	C443
C581	C530
C581	C531
C581	C534
C581	C540
C581	C572
C581	C606
C581	C623
C581	C638
C581	C642
C581	C769
C581	C784
C581	C793
C582	C055
C582	C113
C582	C115
C582	C118
C582	C142
C582	C175
C582	C210
C582	C220
C582	C232
C582	C267
C582	C272
C582	C275
C582	C285
C582	C293
C582	C309
C582	C310
C582	C340
C582	C362
C582	C377
C582	C399
C582	C415
C582	C420
C582	C443
C582	C530
C582	C531
C582	C534
C582	C540
C582	C572
C582	C581
C582	C605
C582	C606
C582	C610
C582	C623
C582	C638
C582	C642
C582	C683
C582	C703
C582	C718
C582	C723
C582	C769
C582	C784
C582	C793
C583	C028
C583	C058
C583	C080
C583	C369
C583	C447
C583	C484
C583	C492
C583	C711
C583	C738
C584	C336
C584	C589
C585	C000
C585	C012
C585	C016
C585	C019
C585	C022
C585	C024
C585	C045
C585	C047
C585	C050
C585	C061
C585	C081
C585	C085
C585	C098
C585	C105
C585	C114
C585	C129
C585	C130
C585	C153
C585	C156
C585	C162
C585	C164
C585	C173
C585	C197
C585	C204
C585	C209
C585	C224
C585	C238
C585	C244
C585	C260
C585	C286
C585	C294
C585	C359
C585	C368
C585	C386
C585	C396
C585	C401
C585	C425
C585	C428
C585	C431
C585	C448
C585	C469
C585	C517
C585	C521
C585	C549
C585	C551
C585	C576
C585	C577
C585	C597
C585	C629
C585	C631
C585	C663
C585	C675
C585	C684
C585	C685
C585	C692
C585	C721
C585	C731
C585	C734
C585	C741
C585	C749
C585	C750
C585	C757
C589	C336
C589	C584
C591	C278
C592	C558
C593	C010
C593	C018
C593	C025
C593	C031
C593	C038
C593	C065
C593	C140
C593	C190
C593	C191
C593	C199
C593	C222
C593	C237
C593	C247
C593	C271
C593	C313
C593	C385
C593	C418
C593	C436
C593	C437
C593	C465
C593	C525
C593	C537
C593	C659
C593	C714
C594	C033
C594	C196
C594	C274
C594	C331
C594	C350
C594	C364
C594	C371
C594	C417
C594	C433
C594	C455
C594	C472
C594	C498
C594	C546
C594	C574
C594	C625
C594	C634
C594	C702
C594	C756
C594	C766
C594	C778
C595	C317
C595	C390
C595	C494
C595	C658
C595	C673
C595	C676
C595	C796
C596	C032
C596	C043
C596	C138
C596	C181
C596	C273
C596	C323
C596	C358
C596	C403
C596	C513
C596	C612
C596	C653
C596	C737
C597	C000
C597	C012
C597	C016
C597	C019
C597	C024
C597	C045
C597	C047
C597	C050
C597	C061
C597	C081
C597	C085
C597	C098
C597	C129
C597	C130
C597	C153
C597	C156
C597	C162
C597	C164
C597	C173
C597	C197
C597	C204
C597	C209
C597	C224
C597	C238
C597	C244
C597	C260
C597	C286
C597	C359
C597	C386
C597	C396
C597	C401
C597	C425
C597	C428
C597	C431
C597	C448
C597	C469
C597	C517
C597	C521
C597	C549
C597	C551
C597	C577
C597	C629
C597	C631
C597	C663
C597	C684
C597	C685
C597	C692
C597	C721
C597	C734
C597	C741
C597	C749
C597	C757
C598	C009
C598	C052
C598	C076
C598	C145
C598	C149
C598	C202
C598	C258
C598	C270
C598	C346
C598	C351
C598	C482
C598	C505
C598	C516
C598	C532
C598	C561
C598	C601
C598	C611
C598	C644
C598	C654
C598	C656
C598	C664
C598	C715
C598	C747
C598	C775
C600	C049
C600	C051
C600	C075
C600	C082
C600	C123
C600	C126
C600	C128
C600	C332
C600	C348
C600	C393
C600	C395
C600	C398
C600	C438
C600	C446
C600	C507
C600	C533
C600	C550
C600	C562
C600	C573
C600	C622
C600	C635
C600	C694
C600	C720
C600	C730
C600	C759
C600	C788
C601	C052
C601	C270
C601	C346
C601	C351
C601	C482
C601	C532
C601	C611
C601	C654
C601	C664
C601	C715
C603	C026
C603	C089
C603	C160
C603	C168
C603	C235
C603	C301
C603	C491
C603	C506
C603	C563
C603	C620
C603	C641
C603	C780
C605	C055
C605	C113
C605	C115
C605	C118
C605	C142
C605	C175
C605	C210
C605	C220
C605	C232
C605	C267
C605	C272
C605	C275
C605	C285
C605	C293
C605	C309
C605	C310
C605	C340
C605	C362
C605	C377
C605	C399
C605	C415
C605	C420
C605	C443
C605	C530
C605	C531
C605	C534
C605	C540
C605	C572
C605	C581
C605	C582
C605	C606
C605	C610
C605	C623
C605	C638
C605	C642
C605	C683
C605	C703
C605	C718
C605	C723
C605	C769
C605	C784
C605	C793
C606	C055
C606	C113
C606	C115
C606	C142
C606	C175
C606	C210
C606	C220
C606	C232
C606	C272
C606	C275
C606	C285
C606	C293
C606	C309
C606	C310
C606	C340
C606	C362
C606	C377
C606	C399
C606	C415
C606	C420
C606	C443
C606	C530
C606	C531
C606	C534
C606	C540
C606	C572
C606	C581
C606	C623
C606	C638
C606	C642
C606	C769
C606	C784
C606	C793
C609	C078
C609	C146
C609	C264
C609	C303
C609	C320
C609	C471
C609	C614
C609	C773
C610	C055
C610	C113
C610	C115
C610	C118
C610	C142
C610	C175
C610	C210
C610	C220
C610	C232
C610	C267
C610	C272
C610	C275
C610	C285
C610	C293
C610	C309
C610	C310
C610	C340
C610	C362
C610	C377
C610	C399
C610	C415
C610	C420
C610	C443
C610	C530
C610	C531
C610	C534
C610	C540
C610	C572
C610	C581
C610	C582
C610	C605
C610	C606
C610	C623
C610	C638
C610	C642
C610	C683
C610	C703
C610	C718
C610	C723
C610	C769
C610	C784
C610	C793
C611	C052
C611	C270
C611	C346
C611	C351
C611	C482
C611	C532
C611	C601
C611	C654
C611	C664
C611	C715
C612	C032
C612	C043
C612	C138
C612	C181
C612	C273
C612	C323
C612	C358
C612	C403
C612	C513
C612	C596
C612	C653
C612	C737
C613	C078
C613	C146
C613	C264
C613	C303
C613	C320
C613	C471
C613	C609
C613	C614
C613	C773
C614	C078
C614	C146
C614	C264
C614	C303
C614	C320
C614	C471
C614	C609
C614	C773
C616	C046
C616	C167
C616	C333
C616	C341
C616	C743
C617	C062
C617	C094
C617	C133
C617	C278
C617	C404
C617	C557
C617	C591
C617	C779
C620	C026
C620	C089
C620	C160
C620	C168
C620	C235
C620	C301
C620	C491
C620	C506
C620	C563
C620	C603
C620	C641
C620	C780
C622	C049
C622	C051
C622	C075
C622	C123
C622	C128
C622	C332
C622	C348
C622	C393
C622	C398
C622	C446
C622	C533
C622	C550
C622	C562
C622	C635
C622	C694
C622	C720
C622	C759
C622	C788
C623	C055
C623	C113
C623	C175
C623	C210
C623	C272
C623	C310
C623	C340
C623	C399
C623	C420
C623	C530
C623	C534
C623	C572
C623	C638
C623	C642
C623	C769
C623	C784
C624	C106
C624	C116
C624	C119
C624	C353
C624	C441
C624	C501
C624	C552
C624	C677
C625	C033
C625	C634
C626	C023
C626	C705
C626	C752
C626	C790
C627	C023
C627	C626
C627	C705
C627	C752
C627	C790
C628	C010
C628	C018
C628	C025
C628	C031
C628	C038
C628	C065
C628	C124
C628	C140
C628	C190
C628	C191
C628	C199
C628	C222
C628	C237
C628	C247
C628	C271
C628	C313
C628	C383
C628	C384
C628	C385
C628	C418
C628	C436
C628	C437
C628	C465
C628	C466
C628	C525
C628	C537
C628	C556
C628	C593
C628	C659
C628	C714
C628	C728
C629	C000
C629	C012
C629	C024
C629	C045
C629	C047
C629	C050
C629	C061
C629	C081
C629	C085
C629	C098
C629	C129
C629	C130
C629	C156
C629	C162
C629	C173
C629	C197
C629	C204
C629	C209
C629	C224
C629	C260
C629	C359
C629	C386
C629	C401
C629	C425
C629	C448
C629	C521
C629	C551
C629	C577
C629	C631
C629	C663
C629	C684
C629	C685
C629	C692
C629	C721
C629	C734
C629	C741
C629	C749
C631	C000
C631	C012
C631	C024
C631	C045
C631	C047
C631	C050
C631	C061
C631	C081
C631	C085
C631	C098
C631	C129
C631	C130
C631	C156
C631	C162
C631	C173
C631	C197
C631	C204
C631	C209
C631	C224
C631	C260
C631	C359
C631	C386
C631	C401
C631	C425
C631	C448
C631	C521
C631	C551
C631	C577
C631	C629
C631	C663
C631	C684
C631	C685
C631	C692
C631	C721
C631	C734
C631	C741
C631	C749
C634	C033
C634	C625
C635	C049
C635	C051
C635	C075
C635	C123
C635	C128
C635	C332
C635	C348
C635	C393
C635	C398
C635	C446
C635	C533
C635	C550
C635	C562
C635	C622
C635	C694
C635	C720
C635	C759
C635	C788
C638	C055
C638	C113
C638	C175
C638	C210
C638	C272
C638	C310
C638	C340
C638	C399
C638	C420
C638	C530
C638	C534
C638	C572
C638	C623
C638	C642
C638	C769
C638	C784
C641	C026
C641	C089
C641	C160
C641	C168
C641	C235
C641	C301
C641	C491
C641	C506
C641	C563
C641	C603
C641	C620
C641	C780
C642	C055
C642	C113
C642	C175
C642	C210
C642	C272
C642	C310
C642	C340
C642	C399
C642	C420
C642	C530
C642	C534
C642	C572
C642	C623
C642	C638
C642	C769
C642	C784
C644	C052
C644	C258
C644	C270
C644	C346
C644	C351
C644	C482
C644	C532
C644	C561
C644	C601
C644	C611
C644	C654
C644	C664
C644	C715
C645	C021
C645	C033
C645	C125
C645	C166
C645	C196
C645	C200
C645	C274
C645	C324
C645	C331
C645	C344
C645	C350
C645	C364
C645	C365
C645	C371
C645	C417
C645	C433
C645	C444
C645	C455
C645	C462
C645	C463
C645	C472
C645	C498
C645	C546
C645	C574
C645	C594
C645	C625
C645	C634
C645	C702
C645	C725
C645	C756
C645	C766
C645	C778
C646	C148
C651	C073
C651	C151
C651	C256
C651	C496
C651	C539
C651	C701
C653	C032
C653	C043
C653	C138
C653	C181
C653	C273
C653	C323
C653	C358
C653	C403
C653	C513
C653	C596
C653	C612
C653	C737
C654	C052
C654	C270
C654	C346
C654	C351
C654	C482
C654	C532
C654	C601
C654	C611
C654	C664
C654	C715
C655	C003
C655	C006
C655	C041
C655	C297
C655	C335
C655	C361
C655	C363
C655	C508
C655	C515
C655	C690
C655	C724
C655	C785
C655	C791
C656	C009
C656	C052
C656	C076
C656	C145
C656	C149
C656	C202
C656	C258
C656	C270
C656	C346
C656	C351
C656	C482
C656	C505
C656	C516
C656	C532
C656	C561
C656	C598
C656	C601
C656	C611
C656	C644
C656	C654
C656	C664
C656	C715
C656	C747
C656	C775
C658	C317
C658	C390
C658	C494
C658	C673
C658	C676
C658	C796
C659	C018
C659	C191
C659	C247
C659	C271
C659	C465
C659	C537
C660	C387
C660	C427
C660	C754
C663	C000
C663	C012
C663	C024
C663	C045
C663	C047
C663	C050
C663	C061
C663	C081
C663	C085
C663	C098
C663	C129
C663	C130
C663	C156
C663	C162
C663	C173
C663	C197
C663	C204
C663	C209
C663	C224
C663	C260
C663	C359
C663	C386
C663	C401
C663	C425
C663	C448
C663	C521
C663	C551
C663	C577
C663	C629
C663	C631
C663	C684
C663	C685
C663	C692
C663	C721
C663	C734
C663	C741
C663	C749
C664	C052
C664	C270
C664	C346
C664	C351
C664	C482
C664	C532
C664	C601
C664	C611
C664	C654
C664	C715
C673	C317
C673	C390
C673	C494
C673	C658
C673	C676
C673	C796
C675	C000
C675	C012
C675	C016
C675	C019
C675	C022
C675	C024
C675	C045
C675	C047
C675	C050
C675	C061
C675	C081
C675	C085
C675	C098
C675	C105
C675	C114
C675	C129
C675	C130
C675	C153
C675	C156
C675	C162
C675	C164
C675	C173
C675	C197
C675	C204
C675	C209
C675	C224
C675	C238
C675	C244
C675	C260
C675	C286
C675	C294
C675	C359
C675	C368
C675	C386
C675	C396
C675	C401
C675	C425
C675	C428
C675	C431
C675	C448
C675	C469
C675	C517
C675	C521
C675	C549
C675	C551
C675	C576
C675	C577
C675	C585
C675	C597
C675	C629
C675	C631
C675	C663
C675	C684
C675	C685
C675	C692
C675	C721
C675	C731
C675	C734
C675	C741
C675	C749
C675	C750
C675	C757
C676	C317
C676	C390
C676	C494
C676	C658
C676	C673
C676	C796
C677	C106
C677	C116
C677	C119
C677	C353
C677	C441
C677	C501
C677	C552
C677	C624
C683	C055
C683	C113
C683	C115
C683	C118
C683	C142
C683	C175
C683	C210
C683	C220
C683	C232
C683	C267
C683	C272
C683	C275
C683	C285
C683	C293
C683	C309
C683	C310
C683	C340
C683	C362
C683	C377
C683	C399
C683	C415
C683	C420
C683	C443
C683	C530
C683	C531
C683	C534
C683	C540
C683	C572
C683	C581
C683	C582
C683	C605
C683	C606
C683	C610
C683	C623
C683	C638
C683	C642
C683	C703
C683	C718
C683	C723
C683	C769
C683	C784
C683	C793
C684	C000
C684	C012
C684	C024
C684	C045
C684	C047
C684	C050
C684	C061
C684	C081
C684	C085
C684	C098
C684	C129
C684	C130
C684	C156
C684	C162
C684	C173
C684	C197
C684	C204
C684	C209
C684	C224
C684	C260
C684	C359
C684	C386
C684	C401
C684	C425
C684	C448
C684	C521
C684	C551
C684	C577
C684	C629
C684	C631
C684	C663
C684	C685
C684	C692
C684	C721
C684	C734
C684	C741
C684	C749
C685	C000
C685	C012
C685	C024
C685	C045
C685	C047
C685	C050
C685	C061
C685	C081
C685	C085
C685	C098
C685	C129
C685	C130
C685	C156
C685	C162
C685	C173
C685	C197
C685	C204
C685	C209
C685	C224
C685	C260
C685	C359
C685	C386
C685	C401
C685	C425
C685	C448
C685	C521
C685	C551
C685	C577
C685	C629
C685	C631
C685	C663
C685	C684
C685	C692
C685	C721
C685	C734
C685	C741
C685	C749
C686	C002
C686	C097
C686	C330
C686	C379
C686	C408
C686	C470
C686	C479
C686	C509
C686	C514
C686	C698
C686	C745
C686	C758
C686	C767
C686	C782
C686	C789
C690	C003
C690	C006
C690	C041
C690	C297
C690	C335
C690	C361
C690	C363
C690	C508
C690	C515
C690	C655
C690	C724
C690	C785
C690	C791
C692	C000
C692	C012
C692	C024
C692	C045
C692	C047
C692	C050
C692	C061
C692	C081
C692	C085
C692	C098
C692	C129
C692	C130
C692	C156
C692	C162
C692	C173
C692	C197
C692	C204
C692	C209
C692	C224
C692	C260
C692	C359
C692	C386
C692	C401
C692	C425
C692	C448
C692	C521
C692	C551
C692	C577
C692	C629
C692	C631
C692	C663
C692	C684
C692	C685
C692	C721
C692	C734
C692	C741
C692	C749
C694	C348
C694	C550
C694	C562
C694	C720
C694	C759
C698	C002
C698	C097
C698	C330
C698	C379
C698	C408
C698	C470
C698	C479
C698	C509
C698	C514
C698	C686
C698	C745
C698	C758
C698	C767
C698	C782
C698	C789
C701	C073
C701	C151
C701	C256
C701	C496
C701	C539
C701	C651
C702	C033
C702	C196
C702	C350
C702	C371
C702	C417
C702	C433
C702	C472
C702	C498
C702	C546
C702	C574
C702	C625
C702	C634
C702	C756
C702	C766
C702	C778
C703	C055
C703	C113
C703	C115
C703	C118
C703	C142
C703	C175
C703	C210
C703	C220
C703	C232
C703	C267
C703	C272
C703	C275
C703	C285
C703	C293
C703	C309
C703	C310
C703	C340
C703	C362
C703	C377
C703	C399
C703	C415
C703	C420
C703	C443
C703	C530
C703	C531
C703	C534
C703	C540
C703	C572
C703	C581
C703	C582
C703	C605
C703	C606
C703	C610
C703	C623
C703	C638
C703	C642
C703	C683
C703	C718
C703	C723
C703	C769
C703	C784
C703	C793
C705	C023
C705	C626
C705	C752
C705	C790
C707	C071
C707	C203
C707	C212
C707	C372
C707	C430
C707	C460
C710	C003
C710	C006
C710	C041
C710	C048
C710	C108
C710	C110
C710	C227
C710	C254
C710	C257
C710	C297
C710	C335
C710	C349
C710	C357
C710	C361
C710	C363
C710	C381
C710	C407
C710	C508
C710	C515
C710	C528
C710	C655
C710	C690
C710	C724
C710	C776
C710	C785
C710	C791
C710	C797
C710	C799
C711	C028
C711	C058
C711	C080
C711	C369
C711	C447
C711	C484
C711	C492
C711	C583
C711	C738
C713	C255
C713	C543
C713	C740
C714	C010
C714	C018
C714	C025
C714	C031
C714	C038
C714	C065
C714	C140
C714	C190
C714	C191
C714	C199
C714	C222
C714	C237
C714	C247
C714	C271
C714	C313
C714	C385
C714	C418
C714	C436
C714	C437
C714	C465
C714	C525
C714	C537
C714	C593
C714	C659
C715	C052
C715	C270
C715	C346
C715	C351
C715	C482
C715	C532
C715	C601
C715	C611
C715	C654
C715	C664
C718	C055
C718	C113
C718	C115
C718	C118
C718	C142
C718	C175
C718	C210
C718	C220
C718	C232
C718	C267
C718	C272
C718	C275
C718	C285
C718	C293
C718	C309
C718	C310
C718	C340
C718	C362
C718	C377
C718	C399
C718	C415
C718	C420
C718	C443
C718	C530
C718	C531
C718	C534
C718	C540
C718	C572
C718	C581
C718	C582
C718	C605
C718	C606
C718	C610
C718	C623
C718	C638
C718	C642
C718	C683
C718	C703
C718	C723
C718	C769
C718	C784
C718	C793
C720	C348
C720	C550
C720	C562
C720	C694
C720	C759
C721	C000
C721	C012
C721	C024
C721	C045
C721	C047
C721	C050
C721	C061
C721	C081
C721	C085
C721	C098
C721	C129
C721	C130
C721	C156
C721	C162
C721	C173
C721	C197
C721	C204
C721	C209
C721	C224
C721	C260
C721	C359
C721	C386
C721	C401
C721	C425
C721	C448
C721	C521
C721	C551
C721	C577
C721	C629
C721	C631
C721	C663
C721	C684
C721	C685
C721	C692
C721	C734
C721	C741
C721	C749
C723	C055
C723	C113
C723	C115
C723	C118
C723	C142
C723	C175
C723	C210
C723	C220
C723	C232
C723	C267
C723	C272
C723	C275
C723	C285
C723	C293
C723	C309
C723	C310
C723	C340
C723	C362
C723	C377
C723	C399
C723	C415
C723	C420
C723	C443
C723	C530
C723	C531
C723	C534
C723	C540
C723	C572
C723	C581
C723	C582
C723	C605
C723	C606
C723	C610
C723	C623
C723	C638
C723	C642
C723	C683
C723	C703
C723	C718
C723	C769
C723	C784
C723	C793
C724	C003
C724	C006
C724	C041
C724	C297
C724	C335
C724	C361
C724	C363
C724	C508
C724	C515
C724	C655
C724	C690
C724	C785
C724	C791
C725	C021
C725	C033
C725	C125
C725	C166
C725	C196
C725	C200
C725	C274
C725	C324
C725	C331
C725	C344
C725	C350
C725	C364
C725	C365
C725	C371
C725	C417
C725	C433
C725	C444
C725	C455
C725	C462
C725	C463
C725	C472
C725	C498
C725	C546
C725	C574
C725	C594
C725	C625
C725	C634
C725	C645
C725	C702
C725	C756
C725	C766
C725	C778
C728	C010
C728	C018
C728	C025
C728	C031
C728	C038
C728	C065
C728	C124
C728	C140
C728	C190
C728	C191
C728	C199
C728	C222
C728	C237
C728	C247
C728	C271
C728	C313
C728	C383
C728	C384
C728	C385
C728	C418
C728	C436
C728	C437
C728	C465
C728	C466
C728	C525
C728	C537
C728	C556
C728	C593
C728	C659
C728	C714
C730	C049
C730	C051
C730	C075
C730	C082
C730	C123
C730	C126
C730	C128
C730	C332
C730	C348
C730	C393
C730	C395
C730	C398
C730	C438
C730	C446
C730	C507
C730	C533
C730	C550
C730	C562
C730	C573
C730	C600
C730	C622
C730	C635
C730	C694
C730	C720
C730	C759
C730	C788
C731	C000
C731	C012
C731	C016
C731	C019
C731	C022
C731	C024
C731	C045
C731	C047
C731	C050
C731	C061
C731	C081
C731	C085
C731	C098
C731	C105
C731	C114
C731	C129
C731	C130
C731	C153
C731	C156
C731	C162
C731	C164
C731	C173
C731	C197
C731	C204
C731	C209
C731	C224
C731	C238
C731	C244
C731	C260
C731	C286
C731	C294
C731	C359
C731	C368
C731	C386
C731	C396
C731	C401
C731	C425
C731	C428
C731	C431
C731	C448
C731	C469
C731	C517
C731	C521
C731	C549
C731	C551
C731	C576
C731	C577
C731	C585
C731	C597
C731	C629
C731	C631
C731	C663
C731	C675
C731	C684
C731	C685
C731	C692
C731	C721
C731	C734
C731	C741
C731	C749
C731	C750
C731	C757
C734	C000
C734	C012
C734	C024
C734	C045
C734	C047
C734	C050
C734	C061
C734	C081
C734	C085
C734	C098
C734	C129
C734	C130
C734	C156
C734	C162
C734	C173
C734	C197
C734	C204
C734	C209
C734	C224
C734	C260
C734	C359
C734	C386
C734	C401
C734	C425
C734	C448
C734	C521
C734	C551
C734	C577
C734	C629
C734	C631
C734	C663
C734	C684
C734	C685
C734	C692
C734	C721
C734	C741
C734	C749
C738	C028
C738	C058
C738	C080
C738	C369
C738	C447
C738	C484
C738	C492
C738	C583
C738	C711
C740	C255
C740	C543
C740	C713
C741	C000
C741	C012
C741	C024
C741	C045
C741	C047
C741	C050
C741	C061
C741	C081
C741	C085
C741	C098
C741	C129
C741	C130
C741	C156
C741	C162
C741	C173
C741	C197
C741	C204
C741	C209
C741	C224
C741	C260
C741	C359
C741	C386
C741	C401
C741	C425
C741	C448
C741	C521
C741	C551
C741	C577
C741	C629
C741	C631
C741	C663
C741	C684
C741	C685
C741	C692
C741	C721
C741	C734
C741	C749
C743	C046
C743	C167
C743	C333
C743	C341
C743	C616
C745	C002
C745	C097
C745	C330
C745	C379
C745	C408
C745	C470
C745	C479
C745	C509
C745	C514
C745	C686
C745	C698
C745	C758
C745	C767
C745	C782
C745	C789
C746	C000
C746	C012
C746	C016
C746	C019
C746	C022
C746	C024
C746	C045
C746	C047
C746	C050
C746	C061
C746	C081
C746	C085
C746	C098
C746	C105
C746	C114
C746	C129
C746	C130
C746	C153
C746	C156
C746	C162
C746	C164
C746	C173
C746	C197
C746	C204
C746	C209
C746	C224
C746	C238
C746	C244
C746	C260
C746	C286
C746	C294
C746	C359
C746	C368
C746	C386
C746	C396
C746	C401
C746	C425
C746	C428
C746	C431
C746	C448
C746	C469
C746	C517
C746	C521
C746	C549
C746	C551
C746	C576
C746	C577
C746	C585
C746	C597
C746	C629
C746	C631
C746	C663
C746	C675
C746	C684
C746	C685
C746	C692
C746	C721
C746	C731
C746	C734
C746	C741
C746	C749
C746	C750
C746	C757
C747	C009
C747	C052
C747	C076
C747	C145
C747	C149
C747	C202
C747	C258
C747	C270
C747	C346
C747	C351
C747	C482
C747	C505
C747	C516
C747	C532
C747	C561
C747	C598
C747	C601
C747	C611
C747	C644
C747	C654
C747	C656
C747	C664
C747	C715
C747	C775
C749	C000
C749	C061
C749	C085
C749	C130
C749	C162
C749	C425
C749	C577
C750	C000
C750	C012
C750	C016
C750	C019
C750	C022
C750	C024
C750	C045
C750	C047
C750	C050
C750	C061
C750	C081
C750	C085
C750	C098
C750	C105
C750	C114
C750	C129
C750	C130
C750	C153
C750	C156
C750	C162
C750	C164
C750	C173
C750	C197
C750	C204
C750	C209
C750	C224
C750	C238
C750	C244
C750	C260
C750	C286
C750	C294
C750	C359
C750	C368
C750	C386
C750	C396
C750	C401
C750	C425
C750	C428
C750	C431
C750	C448
C750	C469
C750	C517
C750	C521
C750	C549
C750	C551
C750	C576
C750	C577
C750	C585
C750	C597
C750	C629
C750	C631
C750	C663
C750	C675
C750	C684
C750	C685
C750	C692
C750	C721
C750	C731
C750	C734
C750	C741
C750	C749
C750	C757
C752	C023
C752	C626
C752	C705
C752	C790
C753	C026
C753	C089
C753	C160
C753	C168
C753	C235
C753	C301
C753	C491
C753	C506
C753	C563
C753	C603
C753	C620
C753	C641
C753	C780
C754	C387
C754	C427
C756	C033
C756	C196
C756	C350
C756	C371
C756	C417
C756	C433
C756	C472
C756	C498
C756	C546
C756	C574
C756	C625
C756	C634
C756	C702
C756	C766
C756	C778
C757	C000
C757	C012
C757	C016
C757	C019
C757	C024
C757	C045
C757	C047
C757	C050
C757	C061
C757	C081
C757	C085
C757	C098
C757	C129
C757	C130
C757	C153
C757	C156
C757	C162
C757	C164
C757	C173
C757	C197
C757	C204
C757	C209
C757	C224
C757	C238
C757	C244
C757	C260
C757	C286
C757	C359
C757	C386
C757	C396
C757	C401
C757	C425
C757	C428
C757	C431
C757	C448
C757	C469
C757	C517
C757	C521
C757	C549
C757	C551
C757	C577
C757	C597
C757	C629
C757	C631
C757	C663
C757	C684
C757	C685
C757	C692
C757	C721
C757	C734
C757	C741
C757	C749
C758	C002
C758	C097
C758	C330
C758	C379
C758	C408
C758	C470
C758	C479
C758	C509
C758	C514
C758	C686
C758	C698
C758	C745
C758	C767
C758	C782
C758	C789
C759	C348
C759	C550
C759	C562
C759	C694
C759	C720
C766	C033
C766	C196
C766	C350
C766	C371
C766	C417
C766	C433
C766	C472
C766	C498
C766	C546
C766	C574
C766	C625
C766	C634
C766	C702
C766	C756
C766	C778
C767	C002
C767	C097
C767	C330
C767	C379
C767	C408
C767	C470
C767	C479
C767	C509
C767	C514
C767	C686
C767	C698
C767	C745
C767	C758
C767	C782
C767	C789
C768	C143
C768	C214
C769	C055
C769	C113
C769	C175
C769	C210
C769	C272
C769	C310
C769	C340
C769	C399
C769	C420
C769	C530
C769	C534
C769	C572
C769	C623
C769	C638
C769	C642
C769	C784
C773	C078
C773	C146
C773	C264
C773	C303
C773	C320
C773	C471
C773	C609
C773	C614
C774	C008
C774	C049
C774	C051
C774	C075
C774	C082
C774	C123
C774	C126
C774	C128
C774	C207
C774	C217
C774	C248
C774	C332
C774	C348
C774	C393
C774	C395
C774	C398
C774	C438
C774	C446
C774	C507
C774	C533
C774	C550
C774	C562
C774	C573
C774	C600
C774	C622
C774	C635
C774	C694
C774	C720
C774	C730
C774	C759
C774	C788
C775	C009
C775	C052
C775	C258
C775	C270
C775	C346
C775	C351
C775	C482
C775	C505
C775	C532
C775	C561
C775	C601
C775	C611
C775	C644
C775	C654
C775	C664
C775	C715
C776	C003
C776	C006
C776	C041
C776	C048
C776	C108
C776	C110
C776	C227
C776	C254
C776	C257
C776	C297
C776	C335
C776	C349
C776	C357
C776	C361
C776	C363
C776	C381
C776	C407
C776	C508
C776	C515
C776	C528
C776	C655
C776	C690
C776	C710
C776	C724
C776	C785
C776	C791
C776	C797
C776	C799
C778	C033
C778	C196
C778	C350
C778	C371
C778	C417
C778	C433
C778	C472
C778	C498
C778	C546
C778	C574
C778	C625
C778	C634
C778	C702
C778	C756
C778	C766
C779	C062
C779	C094
C779	C133
C779	C278
C779	C404
C779	C557
C779	C591
C779	C617
C780	C026
C780	C089
C780	C160
C780	C168
C780	C235
C780	C301
C780	C491
C780	C506
C780	C563
C780	C603
C780	C620
C780	C641
C782	C002
C782	C097
C782	C330
C782	C379
C782	C408
C782	C470
C782	C479
C782	C509
C782	C514
C782	C686
C782	C698
C782	C745
C782	C758
C782	C767
C782	C789
C784	C055
C784	C113
C784	C175
C784	C210
C784	C272
C784	C310
C784	C340
C784	C399
C784	C420
C784	C530
C784	C534
C784	C572
C784	C623
C784	C638
C784	C642
C784	C769
C785	C003
C785	C006
C785	C041
C785	C297
C785	C335
C785	C361
C785	C363
C785	C508
C785	C515
C785	C655
C785	C690
C785	C724
C785	C791
C788	C049
C788	C051
C788	C075
C788	C123
C788	C128
C788	C332
C788	C348
C788	C393
C788	C398
C788	C446
C788	C533
C788	C550
C788	C562
C788	C622
C788	C635
C788	C694
C788	C720
C788	C759
C789	C002
C789	C097
C789	C330
C789	C379
C789	C408
C789	C470
C789	C479
C789	C509
C789	C514
C789	C686
C789	C698
C789	C745
C789	C758
C789	C767
C789	C782
C790	C023
C790	C626
C790	C705
C790	C752
C791	C508
C793	C055
C793	C113
C793	C115
C793	C142
C793	C175
C793	C210
C793	C220
C793	C232
C793	C272
C793	C275
C793	C285
C793	C293
C793	C309
C793	C310
C793	C340
C793	C362
C793	C377
C793	C399
C793	C415
C793	C420
C793	C443
C793	C530
C793	C531
C793	C534
C793	C540
C793	C572
C793	C581
C793	C606
C793	C623
C793	C638
C793	C642
C793	C769
C793	C784
C796	C317
C796	C390
C796	C494
C796	C658
C796	C673
C796	C676
C797	C003
C797	C006
C797	C041
C797	C048
C797	C108
C797	C110
C797	C227
C797	C254
C797	C257
C797	C297
C797	C335
C797	C349
C797	C357
C797	C361
C797	C363
C797	C381
C797	C407
C797	C508
C797	C515
C797	C528
C797	C655
C797	C690
C797	C710
C797	C724
C797	C776
C797	C785
C797	C791
C797	C799
C799	C003
C799	C006
C799	C041
C799	C048
C799	C108
C799	C110
C799	C227
C799	C254
C799	C257
C799	C297
C799	C335
C799	C349
C799	C357
C799	C361
C799	C363
C799	C381
C799	C407
C799	C508
C799	C515
C799	C528
C799	C655
C799	C690
C799	C710
C799	C724
C799	C776
C799	C785
C799	C791
C799	C797
